Scheme Code;Scheme Name;ISIN Div Payout/ISIN Growth;ISIN Div Reinvestment;Net Asset Value;Repurchase Price;Sale Price;Date

Open Ended Schemes ( Equity Scheme - Multi Cap Fund )


PPFAS Mutual Fund
122639;Parag Parikh Long Term Equity Fund - Direct Plan - Growth;INF879O01027;;24.1411;;;01-Jan-2019
122639;Parag Parikh Long Term Equity Fund - Direct Plan - Growth;INF879O01027;;24.0361;;;02-Jan-2019
122639;Parag Parikh Long Term Equity Fund - Direct Plan - Growth;INF879O01027;;24.0002;;;03-Jan-2019
122639;Parag Parikh Long Term Equity Fund - Direct Plan - Growth;INF879O01027;;23.7828;;;04-Jan-2019
122639;Parag Parikh Long Term Equity Fund - Direct Plan - Growth;INF879O01027;;23.9844;;;07-Jan-2019
122639;Parag Parikh Long Term Equity Fund - Direct Plan - Growth;INF879O01027;;24.0359;;;08-Jan-2019
122639;Parag Parikh Long Term Equity Fund - Direct Plan - Growth;INF879O01027;;24.1682;;;09-Jan-2019
122639;Parag Parikh Long Term Equity Fund - Direct Plan - Growth;INF879O01027;;24.2230;;;10-Jan-2019
122639;Parag Parikh Long Term Equity Fund - Direct Plan - Growth;INF879O01027;;24.2701;;;11-Jan-2019
122639;Parag Parikh Long Term Equity Fund - Direct Plan - Growth;INF879O01027;;24.2054;;;14-Jan-2019
122639;Parag Parikh Long Term Equity Fund - Direct Plan - Growth;INF879O01027;;24.1879;;;15-Jan-2019
122639;Parag Parikh Long Term Equity Fund - Direct Plan - Growth;INF879O01027;;24.2797;;;16-Jan-2019
122639;Parag Parikh Long Term Equity Fund - Direct Plan - Growth;INF879O01027;;24.3106;;;17-Jan-2019
122639;Parag Parikh Long Term Equity Fund - Direct Plan - Growth;INF879O01027;;24.2547;;;18-Jan-2019
122639;Parag Parikh Long Term Equity Fund - Direct Plan - Growth;INF879O01027;;24.3072;;;21-Jan-2019
122639;Parag Parikh Long Term Equity Fund - Direct Plan - Growth;INF879O01027;;24.2741;;;22-Jan-2019
122639;Parag Parikh Long Term Equity Fund - Direct Plan - Growth;INF879O01027;;24.1475;;;23-Jan-2019
122639;Parag Parikh Long Term Equity Fund - Direct Plan - Growth;INF879O01027;;24.1960;;;24-Jan-2019
122639;Parag Parikh Long Term Equity Fund - Direct Plan - Growth;INF879O01027;;24.1299;;;25-Jan-2019
122639;Parag Parikh Long Term Equity Fund - Direct Plan - Growth;INF879O01027;;24.0831;;;28-Jan-2019
122639;Parag Parikh Long Term Equity Fund - Direct Plan - Growth;INF879O01027;;24.0384;;;29-Jan-2019
122639;Parag Parikh Long Term Equity Fund - Direct Plan - Growth;INF879O01027;;24.1769;;;30-Jan-2019
122639;Parag Parikh Long Term Equity Fund - Direct Plan - Growth;INF879O01027;;24.3600;;;31-Jan-2019
122639;Parag Parikh Long Term Equity Fund - Direct Plan - Growth;INF879O01027;;24.7014;;;01-Feb-2019
122639;Parag Parikh Long Term Equity Fund - Direct Plan - Growth;INF879O01027;;24.7521;;;04-Feb-2019
122639;Parag Parikh Long Term Equity Fund - Direct Plan - Growth;INF879O01027;;24.8430;;;05-Feb-2019
122639;Parag Parikh Long Term Equity Fund - Direct Plan - Growth;INF879O01027;;24.9593;;;06-Feb-2019
122639;Parag Parikh Long Term Equity Fund - Direct Plan - Growth;INF879O01027;;24.9750;;;07-Feb-2019
122639;Parag Parikh Long Term Equity Fund - Direct Plan - Growth;INF879O01027;;24.7221;;;08-Feb-2019
122639;Parag Parikh Long Term Equity Fund - Direct Plan - Growth;INF879O01027;;24.7042;;;11-Feb-2019
122639;Parag Parikh Long Term Equity Fund - Direct Plan - Growth;INF879O01027;;24.6497;;;12-Feb-2019
122639;Parag Parikh Long Term Equity Fund - Direct Plan - Growth;INF879O01027;;24.7591;;;13-Feb-2019
122639;Parag Parikh Long Term Equity Fund - Direct Plan - Growth;INF879O01027;;24.8092;;;14-Feb-2019
122639;Parag Parikh Long Term Equity Fund - Direct Plan - Growth;INF879O01027;;24.7053;;;15-Feb-2019
122639;Parag Parikh Long Term Equity Fund - Direct Plan - Growth;INF879O01027;;24.6162;;;18-Feb-2019
122639;Parag Parikh Long Term Equity Fund - Direct Plan - Growth;INF879O01027;;24.6488;;;19-Feb-2019
122639;Parag Parikh Long Term Equity Fund - Direct Plan - Growth;INF879O01027;;24.7077;;;20-Feb-2019
122639;Parag Parikh Long Term Equity Fund - Direct Plan - Growth;INF879O01027;;24.7609;;;21-Feb-2019
122639;Parag Parikh Long Term Equity Fund - Direct Plan - Growth;INF879O01027;;24.6770;;;22-Feb-2019
122639;Parag Parikh Long Term Equity Fund - Direct Plan - Growth;INF879O01027;;24.8137;;;25-Feb-2019
122639;Parag Parikh Long Term Equity Fund - Direct Plan - Growth;INF879O01027;;24.8863;;;26-Feb-2019
122639;Parag Parikh Long Term Equity Fund - Direct Plan - Growth;INF879O01027;;24.9483;;;27-Feb-2019
122639;Parag Parikh Long Term Equity Fund - Direct Plan - Growth;INF879O01027;;24.9276;;;28-Feb-2019
122639;Parag Parikh Long Term Equity Fund - Direct Plan - Growth;INF879O01027;;24.9816;;;01-Mar-2019
122639;Parag Parikh Long Term Equity Fund - Direct Plan - Growth;INF879O01027;;25.2455;;;05-Mar-2019
122639;Parag Parikh Long Term Equity Fund - Direct Plan - Growth;INF879O01027;;25.2795;;;06-Mar-2019
122639;Parag Parikh Long Term Equity Fund - Direct Plan - Growth;INF879O01027;;25.2726;;;07-Mar-2019
122639;Parag Parikh Long Term Equity Fund - Direct Plan - Growth;INF879O01027;;25.1803;;;08-Mar-2019
122639;Parag Parikh Long Term Equity Fund - Direct Plan - Growth;INF879O01027;;25.3690;;;11-Mar-2019
122639;Parag Parikh Long Term Equity Fund - Direct Plan - Growth;INF879O01027;;25.6917;;;12-Mar-2019
122639;Parag Parikh Long Term Equity Fund - Direct Plan - Growth;INF879O01027;;25.6122;;;13-Mar-2019
122639;Parag Parikh Long Term Equity Fund - Direct Plan - Growth;INF879O01027;;25.6426;;;14-Mar-2019
122639;Parag Parikh Long Term Equity Fund - Direct Plan - Growth;INF879O01027;;25.6512;;;15-Mar-2019
122639;Parag Parikh Long Term Equity Fund - Direct Plan - Growth;INF879O01027;;25.5595;;;18-Mar-2019
122639;Parag Parikh Long Term Equity Fund - Direct Plan - Growth;INF879O01027;;25.5763;;;19-Mar-2019
122639;Parag Parikh Long Term Equity Fund - Direct Plan - Growth;INF879O01027;;25.6223;;;20-Mar-2019
122639;Parag Parikh Long Term Equity Fund - Direct Plan - Growth;INF879O01027;;25.6598;;;22-Mar-2019
122639;Parag Parikh Long Term Equity Fund - Direct Plan - Growth;INF879O01027;;25.4415;;;25-Mar-2019
122639;Parag Parikh Long Term Equity Fund - Direct Plan - Growth;INF879O01027;;25.5237;;;26-Mar-2019
122639;Parag Parikh Long Term Equity Fund - Direct Plan - Growth;INF879O01027;;25.5355;;;27-Mar-2019
122639;Parag Parikh Long Term Equity Fund - Direct Plan - Growth;INF879O01027;;25.7546;;;28-Mar-2019
122639;Parag Parikh Long Term Equity Fund - Direct Plan - Growth;INF879O01027;;25.7309;;;29-Mar-2019
122640;Parag Parikh Long Term Equity Fund - Regular Plan - Growth;INF879O01019;;23.4287;;;01-Jan-2019
122640;Parag Parikh Long Term Equity Fund - Regular Plan - Growth;INF879O01019;;23.3263;;;02-Jan-2019
122640;Parag Parikh Long Term Equity Fund - Regular Plan - Growth;INF879O01019;;23.2909;;;03-Jan-2019
122640;Parag Parikh Long Term Equity Fund - Regular Plan - Growth;INF879O01019;;23.0795;;;04-Jan-2019
122640;Parag Parikh Long Term Equity Fund - Regular Plan - Growth;INF879O01019;;23.2736;;;07-Jan-2019
122640;Parag Parikh Long Term Equity Fund - Regular Plan - Growth;INF879O01019;;23.3231;;;08-Jan-2019
122640;Parag Parikh Long Term Equity Fund - Regular Plan - Growth;INF879O01019;;23.4510;;;09-Jan-2019
122640;Parag Parikh Long Term Equity Fund - Regular Plan - Growth;INF879O01019;;23.5037;;;10-Jan-2019
122640;Parag Parikh Long Term Equity Fund - Regular Plan - Growth;INF879O01019;;23.5489;;;11-Jan-2019
122640;Parag Parikh Long Term Equity Fund - Regular Plan - Growth;INF879O01019;;23.4846;;;14-Jan-2019
122640;Parag Parikh Long Term Equity Fund - Regular Plan - Growth;INF879O01019;;23.4671;;;15-Jan-2019
122640;Parag Parikh Long Term Equity Fund - Regular Plan - Growth;INF879O01019;;23.5556;;;16-Jan-2019
122640;Parag Parikh Long Term Equity Fund - Regular Plan - Growth;INF879O01019;;23.5851;;;17-Jan-2019
122640;Parag Parikh Long Term Equity Fund - Regular Plan - Growth;INF879O01019;;23.5304;;;18-Jan-2019
122640;Parag Parikh Long Term Equity Fund - Regular Plan - Growth;INF879O01019;;23.5798;;;21-Jan-2019
122640;Parag Parikh Long Term Equity Fund - Regular Plan - Growth;INF879O01019;;23.5471;;;22-Jan-2019
122640;Parag Parikh Long Term Equity Fund - Regular Plan - Growth;INF879O01019;;23.4239;;;23-Jan-2019
122640;Parag Parikh Long Term Equity Fund - Regular Plan - Growth;INF879O01019;;23.4704;;;24-Jan-2019
122640;Parag Parikh Long Term Equity Fund - Regular Plan - Growth;INF879O01019;;23.4058;;;25-Jan-2019
122640;Parag Parikh Long Term Equity Fund - Regular Plan - Growth;INF879O01019;;23.3590;;;28-Jan-2019
122640;Parag Parikh Long Term Equity Fund - Regular Plan - Growth;INF879O01019;;23.3151;;;29-Jan-2019
122640;Parag Parikh Long Term Equity Fund - Regular Plan - Growth;INF879O01019;;23.4489;;;30-Jan-2019
122640;Parag Parikh Long Term Equity Fund - Regular Plan - Growth;INF879O01019;;23.6260;;;31-Jan-2019
122640;Parag Parikh Long Term Equity Fund - Regular Plan - Growth;INF879O01019;;23.9566;;;01-Feb-2019
122640;Parag Parikh Long Term Equity Fund - Regular Plan - Growth;INF879O01019;;24.0043;;;04-Feb-2019
122640;Parag Parikh Long Term Equity Fund - Regular Plan - Growth;INF879O01019;;24.0919;;;05-Feb-2019
122640;Parag Parikh Long Term Equity Fund - Regular Plan - Growth;INF879O01019;;24.2042;;;06-Feb-2019
122640;Parag Parikh Long Term Equity Fund - Regular Plan - Growth;INF879O01019;;24.2188;;;07-Feb-2019
122640;Parag Parikh Long Term Equity Fund - Regular Plan - Growth;INF879O01019;;23.9731;;;08-Feb-2019
122640;Parag Parikh Long Term Equity Fund - Regular Plan - Growth;INF879O01019;;23.9542;;;11-Feb-2019
122640;Parag Parikh Long Term Equity Fund - Regular Plan - Growth;INF879O01019;;23.9008;;;12-Feb-2019
122640;Parag Parikh Long Term Equity Fund - Regular Plan - Growth;INF879O01019;;24.0065;;;13-Feb-2019
122640;Parag Parikh Long Term Equity Fund - Regular Plan - Growth;INF879O01019;;24.0545;;;14-Feb-2019
122640;Parag Parikh Long Term Equity Fund - Regular Plan - Growth;INF879O01019;;23.9533;;;15-Feb-2019
122640;Parag Parikh Long Term Equity Fund - Regular Plan - Growth;INF879O01019;;23.8653;;;18-Feb-2019
122640;Parag Parikh Long Term Equity Fund - Regular Plan - Growth;INF879O01019;;23.8964;;;19-Feb-2019
122640;Parag Parikh Long Term Equity Fund - Regular Plan - Growth;INF879O01019;;23.9530;;;20-Feb-2019
122640;Parag Parikh Long Term Equity Fund - Regular Plan - Growth;INF879O01019;;24.0041;;;21-Feb-2019
122640;Parag Parikh Long Term Equity Fund - Regular Plan - Growth;INF879O01019;;23.9223;;;22-Feb-2019
122640;Parag Parikh Long Term Equity Fund - Regular Plan - Growth;INF879O01019;;24.0532;;;25-Feb-2019
122640;Parag Parikh Long Term Equity Fund - Regular Plan - Growth;INF879O01019;;24.1231;;;26-Feb-2019
122640;Parag Parikh Long Term Equity Fund - Regular Plan - Growth;INF879O01019;;24.1827;;;27-Feb-2019
122640;Parag Parikh Long Term Equity Fund - Regular Plan - Growth;INF879O01019;;24.1621;;;28-Feb-2019
122640;Parag Parikh Long Term Equity Fund - Regular Plan - Growth;INF879O01019;;24.2139;;;01-Mar-2019
122640;Parag Parikh Long Term Equity Fund - Regular Plan - Growth;INF879O01019;;24.4677;;;05-Mar-2019
122640;Parag Parikh Long Term Equity Fund - Regular Plan - Growth;INF879O01019;;24.5001;;;06-Mar-2019
122640;Parag Parikh Long Term Equity Fund - Regular Plan - Growth;INF879O01019;;24.4928;;;07-Mar-2019
122640;Parag Parikh Long Term Equity Fund - Regular Plan - Growth;INF879O01019;;24.4028;;;08-Mar-2019
122640;Parag Parikh Long Term Equity Fund - Regular Plan - Growth;INF879O01019;;24.5841;;;11-Mar-2019
122640;Parag Parikh Long Term Equity Fund - Regular Plan - Growth;INF879O01019;;24.8964;;;12-Mar-2019
122640;Parag Parikh Long Term Equity Fund - Regular Plan - Growth;INF879O01019;;24.8188;;;13-Mar-2019
122640;Parag Parikh Long Term Equity Fund - Regular Plan - Growth;INF879O01019;;24.8477;;;14-Mar-2019
122640;Parag Parikh Long Term Equity Fund - Regular Plan - Growth;INF879O01019;;24.8555;;;15-Mar-2019
122640;Parag Parikh Long Term Equity Fund - Regular Plan - Growth;INF879O01019;;24.7651;;;18-Mar-2019
122640;Parag Parikh Long Term Equity Fund - Regular Plan - Growth;INF879O01019;;24.7808;;;19-Mar-2019
122640;Parag Parikh Long Term Equity Fund - Regular Plan - Growth;INF879O01019;;24.8249;;;20-Mar-2019
122640;Parag Parikh Long Term Equity Fund - Regular Plan - Growth;INF879O01019;;24.8601;;;22-Mar-2019
122640;Parag Parikh Long Term Equity Fund - Regular Plan - Growth;INF879O01019;;24.6471;;;25-Mar-2019
122640;Parag Parikh Long Term Equity Fund - Regular Plan - Growth;INF879O01019;;24.7262;;;26-Mar-2019
122640;Parag Parikh Long Term Equity Fund - Regular Plan - Growth;INF879O01019;;24.7371;;;27-Mar-2019
122640;Parag Parikh Long Term Equity Fund - Regular Plan - Growth;INF879O01019;;24.9488;;;28-Mar-2019
122640;Parag Parikh Long Term Equity Fund - Regular Plan - Growth;INF879O01019;;24.9254;;;29-Mar-2019

Open Ended Schemes ( Debt Scheme - Liquid Fund )


PPFAS Mutual Fund
143263;Parag Parikh Liquid Fund- Direct Plan- Daily Dividend Reinvestment;;;1000.2000;;;01-Jan-2019
143263;Parag Parikh Liquid Fund- Direct Plan- Daily Dividend Reinvestment;;;1000.2000;;;02-Jan-2019
143263;Parag Parikh Liquid Fund- Direct Plan- Daily Dividend Reinvestment;;;1000.2000;;;03-Jan-2019
143263;Parag Parikh Liquid Fund- Direct Plan- Daily Dividend Reinvestment;;;1000.2000;;;04-Jan-2019
143263;Parag Parikh Liquid Fund- Direct Plan- Daily Dividend Reinvestment;;;1000.2000;;;06-Jan-2019
143263;Parag Parikh Liquid Fund- Direct Plan- Daily Dividend Reinvestment;;;1000.2000;;;07-Jan-2019
143263;Parag Parikh Liquid Fund- Direct Plan- Daily Dividend Reinvestment;;;1000.2000;;;08-Jan-2019
143263;Parag Parikh Liquid Fund- Direct Plan- Daily Dividend Reinvestment;;;1000.2000;;;09-Jan-2019
143263;Parag Parikh Liquid Fund- Direct Plan- Daily Dividend Reinvestment;;;1000.2000;;;10-Jan-2019
143263;Parag Parikh Liquid Fund- Direct Plan- Daily Dividend Reinvestment;;;1000.2000;;;11-Jan-2019
143263;Parag Parikh Liquid Fund- Direct Plan- Daily Dividend Reinvestment;;;1000.2000;;;13-Jan-2019
143263;Parag Parikh Liquid Fund- Direct Plan- Daily Dividend Reinvestment;;;1000.2000;;;14-Jan-2019
143263;Parag Parikh Liquid Fund- Direct Plan- Daily Dividend Reinvestment;;;1000.2000;;;15-Jan-2019
143263;Parag Parikh Liquid Fund- Direct Plan- Daily Dividend Reinvestment;;;1000.2000;;;16-Jan-2019
143263;Parag Parikh Liquid Fund- Direct Plan- Daily Dividend Reinvestment;;;1000.2000;;;17-Jan-2019
143263;Parag Parikh Liquid Fund- Direct Plan- Daily Dividend Reinvestment;;;1000.2000;;;18-Jan-2019
143263;Parag Parikh Liquid Fund- Direct Plan- Daily Dividend Reinvestment;;;1000.2000;;;20-Jan-2019
143263;Parag Parikh Liquid Fund- Direct Plan- Daily Dividend Reinvestment;;;1000.2000;;;21-Jan-2019
143263;Parag Parikh Liquid Fund- Direct Plan- Daily Dividend Reinvestment;;;1000.2000;;;22-Jan-2019
143263;Parag Parikh Liquid Fund- Direct Plan- Daily Dividend Reinvestment;;;1000.2000;;;23-Jan-2019
143263;Parag Parikh Liquid Fund- Direct Plan- Daily Dividend Reinvestment;;;1000.2000;;;24-Jan-2019
143263;Parag Parikh Liquid Fund- Direct Plan- Daily Dividend Reinvestment;;;1000.2000;;;25-Jan-2019
143263;Parag Parikh Liquid Fund- Direct Plan- Daily Dividend Reinvestment;;;1000.2000;;;27-Jan-2019
143263;Parag Parikh Liquid Fund- Direct Plan- Daily Dividend Reinvestment;;;1000.2000;;;28-Jan-2019
143263;Parag Parikh Liquid Fund- Direct Plan- Daily Dividend Reinvestment;;;1000.2000;;;29-Jan-2019
143263;Parag Parikh Liquid Fund- Direct Plan- Daily Dividend Reinvestment;;;1000.2000;;;30-Jan-2019
143263;Parag Parikh Liquid Fund- Direct Plan- Daily Dividend Reinvestment;;;1000.2000;;;31-Jan-2019
143263;Parag Parikh Liquid Fund- Direct Plan- Daily Dividend Reinvestment;;;1000.2000;;;01-Feb-2019
143263;Parag Parikh Liquid Fund- Direct Plan- Daily Dividend Reinvestment;;;1000.2000;;;03-Feb-2019
143263;Parag Parikh Liquid Fund- Direct Plan- Daily Dividend Reinvestment;;;1000.2000;;;04-Feb-2019
143263;Parag Parikh Liquid Fund- Direct Plan- Daily Dividend Reinvestment;;;1000.2000;;;05-Feb-2019
143263;Parag Parikh Liquid Fund- Direct Plan- Daily Dividend Reinvestment;;;1000.2000;;;06-Feb-2019
143263;Parag Parikh Liquid Fund- Direct Plan- Daily Dividend Reinvestment;;;1000.2000;;;07-Feb-2019
143263;Parag Parikh Liquid Fund- Direct Plan- Daily Dividend Reinvestment;;;1000.2000;;;08-Feb-2019
143263;Parag Parikh Liquid Fund- Direct Plan- Daily Dividend Reinvestment;;;1000.2000;;;10-Feb-2019
143263;Parag Parikh Liquid Fund- Direct Plan- Daily Dividend Reinvestment;;;1000.2000;;;11-Feb-2019
143263;Parag Parikh Liquid Fund- Direct Plan- Daily Dividend Reinvestment;;;1000.2000;;;12-Feb-2019
143263;Parag Parikh Liquid Fund- Direct Plan- Daily Dividend Reinvestment;;;1000.2000;;;13-Feb-2019
143263;Parag Parikh Liquid Fund- Direct Plan- Daily Dividend Reinvestment;;;1000.2000;;;14-Feb-2019
143263;Parag Parikh Liquid Fund- Direct Plan- Daily Dividend Reinvestment;;;1000.2000;;;15-Feb-2019
143263;Parag Parikh Liquid Fund- Direct Plan- Daily Dividend Reinvestment;;;1000.2000;;;17-Feb-2019
143263;Parag Parikh Liquid Fund- Direct Plan- Daily Dividend Reinvestment;;;1000.2000;;;18-Feb-2019
143263;Parag Parikh Liquid Fund- Direct Plan- Daily Dividend Reinvestment;;;1000.2000;;;19-Feb-2019
143263;Parag Parikh Liquid Fund- Direct Plan- Daily Dividend Reinvestment;;;1000.2000;;;20-Feb-2019
143263;Parag Parikh Liquid Fund- Direct Plan- Daily Dividend Reinvestment;;;1000.2000;;;21-Feb-2019
143263;Parag Parikh Liquid Fund- Direct Plan- Daily Dividend Reinvestment;;;1000.2000;;;22-Feb-2019
143263;Parag Parikh Liquid Fund- Direct Plan- Daily Dividend Reinvestment;;;1000.2000;;;24-Feb-2019
143263;Parag Parikh Liquid Fund- Direct Plan- Daily Dividend Reinvestment;;;1000.2000;;;25-Feb-2019
143263;Parag Parikh Liquid Fund- Direct Plan- Daily Dividend Reinvestment;;;1000.2000;;;26-Feb-2019
143263;Parag Parikh Liquid Fund- Direct Plan- Daily Dividend Reinvestment;;;1000.2000;;;27-Feb-2019
143263;Parag Parikh Liquid Fund- Direct Plan- Daily Dividend Reinvestment;;;1000.2000;;;28-Feb-2019
143263;Parag Parikh Liquid Fund- Direct Plan- Daily Dividend Reinvestment;;;1000.2000;;;01-Mar-2019
143263;Parag Parikh Liquid Fund- Direct Plan- Daily Dividend Reinvestment;;;1000.2000;;;04-Mar-2019
143263;Parag Parikh Liquid Fund- Direct Plan- Daily Dividend Reinvestment;;;1000.2000;;;05-Mar-2019
143263;Parag Parikh Liquid Fund- Direct Plan- Daily Dividend Reinvestment;;;1000.2000;;;06-Mar-2019
143263;Parag Parikh Liquid Fund- Direct Plan- Daily Dividend Reinvestment;;;1000.2000;;;07-Mar-2019
143263;Parag Parikh Liquid Fund- Direct Plan- Daily Dividend Reinvestment;;;1000.2000;;;08-Mar-2019
143263;Parag Parikh Liquid Fund- Direct Plan- Daily Dividend Reinvestment;;;1000.2000;;;10-Mar-2019
143263;Parag Parikh Liquid Fund- Direct Plan- Daily Dividend Reinvestment;;;1000.2000;;;11-Mar-2019
143263;Parag Parikh Liquid Fund- Direct Plan- Daily Dividend Reinvestment;;;1000.2000;;;12-Mar-2019
143263;Parag Parikh Liquid Fund- Direct Plan- Daily Dividend Reinvestment;;;1000.2000;;;13-Mar-2019
143263;Parag Parikh Liquid Fund- Direct Plan- Daily Dividend Reinvestment;;;1000.2000;;;14-Mar-2019
143263;Parag Parikh Liquid Fund- Direct Plan- Daily Dividend Reinvestment;;;1000.2000;;;15-Mar-2019
143263;Parag Parikh Liquid Fund- Direct Plan- Daily Dividend Reinvestment;;;1000.2000;;;17-Mar-2019
143263;Parag Parikh Liquid Fund- Direct Plan- Daily Dividend Reinvestment;;;1000.2000;;;18-Mar-2019
143263;Parag Parikh Liquid Fund- Direct Plan- Daily Dividend Reinvestment;;;1000.2000;;;19-Mar-2019
143263;Parag Parikh Liquid Fund- Direct Plan- Daily Dividend Reinvestment;;;1000.2000;;;20-Mar-2019
143263;Parag Parikh Liquid Fund- Direct Plan- Daily Dividend Reinvestment;;;1000.2000;;;21-Mar-2019
143263;Parag Parikh Liquid Fund- Direct Plan- Daily Dividend Reinvestment;;;1000.2000;;;22-Mar-2019
143263;Parag Parikh Liquid Fund- Direct Plan- Daily Dividend Reinvestment;;;1000.2000;;;24-Mar-2019
143263;Parag Parikh Liquid Fund- Direct Plan- Daily Dividend Reinvestment;;;1000.2000;;;25-Mar-2019
143263;Parag Parikh Liquid Fund- Direct Plan- Daily Dividend Reinvestment;;;1000.2000;;;26-Mar-2019
143263;Parag Parikh Liquid Fund- Direct Plan- Daily Dividend Reinvestment;;;1000.2000;;;27-Mar-2019
143263;Parag Parikh Liquid Fund- Direct Plan- Daily Dividend Reinvestment;;;1000.2000;;;28-Mar-2019
143263;Parag Parikh Liquid Fund- Direct Plan- Daily Dividend Reinvestment;;;1000.2000;;;29-Mar-2019
143269;Parag Parikh Liquid Fund- Direct Plan- Growth;INF879O01068;;1041.6983;;;01-Jan-2019
143269;Parag Parikh Liquid Fund- Direct Plan- Growth;INF879O01068;;1041.8970;;;02-Jan-2019
143269;Parag Parikh Liquid Fund- Direct Plan- Growth;INF879O01068;;1042.0700;;;03-Jan-2019
143269;Parag Parikh Liquid Fund- Direct Plan- Growth;INF879O01068;;1042.2647;;;04-Jan-2019
143269;Parag Parikh Liquid Fund- Direct Plan- Growth;INF879O01068;;1042.6154;;;06-Jan-2019
143269;Parag Parikh Liquid Fund- Direct Plan- Growth;INF879O01068;;1042.7888;;;07-Jan-2019
143269;Parag Parikh Liquid Fund- Direct Plan- Growth;INF879O01068;;1042.9666;;;08-Jan-2019
143269;Parag Parikh Liquid Fund- Direct Plan- Growth;INF879O01068;;1043.1517;;;09-Jan-2019
143269;Parag Parikh Liquid Fund- Direct Plan- Growth;INF879O01068;;1043.3351;;;10-Jan-2019
143269;Parag Parikh Liquid Fund- Direct Plan- Growth;INF879O01068;;1043.5227;;;11-Jan-2019
143269;Parag Parikh Liquid Fund- Direct Plan- Growth;INF879O01068;;1043.8822;;;13-Jan-2019
143269;Parag Parikh Liquid Fund- Direct Plan- Growth;INF879O01068;;1044.0513;;;14-Jan-2019
143269;Parag Parikh Liquid Fund- Direct Plan- Growth;INF879O01068;;1044.2362;;;15-Jan-2019
143269;Parag Parikh Liquid Fund- Direct Plan- Growth;INF879O01068;;1044.4100;;;16-Jan-2019
143269;Parag Parikh Liquid Fund- Direct Plan- Growth;INF879O01068;;1044.6039;;;17-Jan-2019
143269;Parag Parikh Liquid Fund- Direct Plan- Growth;INF879O01068;;1044.7841;;;18-Jan-2019
143269;Parag Parikh Liquid Fund- Direct Plan- Growth;INF879O01068;;1045.1436;;;20-Jan-2019
143269;Parag Parikh Liquid Fund- Direct Plan- Growth;INF879O01068;;1045.3299;;;21-Jan-2019
143269;Parag Parikh Liquid Fund- Direct Plan- Growth;INF879O01068;;1045.5218;;;22-Jan-2019
143269;Parag Parikh Liquid Fund- Direct Plan- Growth;INF879O01068;;1045.6992;;;23-Jan-2019
143269;Parag Parikh Liquid Fund- Direct Plan- Growth;INF879O01068;;1045.8808;;;24-Jan-2019
143269;Parag Parikh Liquid Fund- Direct Plan- Growth;INF879O01068;;1046.0644;;;25-Jan-2019
143269;Parag Parikh Liquid Fund- Direct Plan- Growth;INF879O01068;;1046.4245;;;27-Jan-2019
143269;Parag Parikh Liquid Fund- Direct Plan- Growth;INF879O01068;;1046.6117;;;28-Jan-2019
143269;Parag Parikh Liquid Fund- Direct Plan- Growth;INF879O01068;;1046.8004;;;29-Jan-2019
143269;Parag Parikh Liquid Fund- Direct Plan- Growth;INF879O01068;;1046.9584;;;30-Jan-2019
143269;Parag Parikh Liquid Fund- Direct Plan- Growth;INF879O01068;;1047.1386;;;31-Jan-2019
143269;Parag Parikh Liquid Fund- Direct Plan- Growth;INF879O01068;;1047.3138;;;01-Feb-2019
143269;Parag Parikh Liquid Fund- Direct Plan- Growth;INF879O01068;;1047.6691;;;03-Feb-2019
143269;Parag Parikh Liquid Fund- Direct Plan- Growth;INF879O01068;;1047.8386;;;04-Feb-2019
143269;Parag Parikh Liquid Fund- Direct Plan- Growth;INF879O01068;;1048.0200;;;05-Feb-2019
143269;Parag Parikh Liquid Fund- Direct Plan- Growth;INF879O01068;;1048.1967;;;06-Feb-2019
143269;Parag Parikh Liquid Fund- Direct Plan- Growth;INF879O01068;;1048.4291;;;07-Feb-2019
143269;Parag Parikh Liquid Fund- Direct Plan- Growth;INF879O01068;;1048.6059;;;08-Feb-2019
143269;Parag Parikh Liquid Fund- Direct Plan- Growth;INF879O01068;;1048.9610;;;10-Feb-2019
143269;Parag Parikh Liquid Fund- Direct Plan- Growth;INF879O01068;;1049.1386;;;11-Feb-2019
143269;Parag Parikh Liquid Fund- Direct Plan- Growth;INF879O01068;;1049.3155;;;12-Feb-2019
143269;Parag Parikh Liquid Fund- Direct Plan- Growth;INF879O01068;;1049.5018;;;13-Feb-2019
143269;Parag Parikh Liquid Fund- Direct Plan- Growth;INF879O01068;;1049.6759;;;14-Feb-2019
143269;Parag Parikh Liquid Fund- Direct Plan- Growth;INF879O01068;;1049.8444;;;15-Feb-2019
143269;Parag Parikh Liquid Fund- Direct Plan- Growth;INF879O01068;;1050.2016;;;17-Feb-2019
143269;Parag Parikh Liquid Fund- Direct Plan- Growth;INF879O01068;;1050.3735;;;18-Feb-2019
143269;Parag Parikh Liquid Fund- Direct Plan- Growth;INF879O01068;;1050.5512;;;19-Feb-2019
143269;Parag Parikh Liquid Fund- Direct Plan- Growth;INF879O01068;;1050.7218;;;20-Feb-2019
143269;Parag Parikh Liquid Fund- Direct Plan- Growth;INF879O01068;;1050.9057;;;21-Feb-2019
143269;Parag Parikh Liquid Fund- Direct Plan- Growth;INF879O01068;;1051.0863;;;22-Feb-2019
143269;Parag Parikh Liquid Fund- Direct Plan- Growth;INF879O01068;;1051.4426;;;24-Feb-2019
143269;Parag Parikh Liquid Fund- Direct Plan- Growth;INF879O01068;;1051.6199;;;25-Feb-2019
143269;Parag Parikh Liquid Fund- Direct Plan- Growth;INF879O01068;;1051.8001;;;26-Feb-2019
143269;Parag Parikh Liquid Fund- Direct Plan- Growth;INF879O01068;;1051.9727;;;27-Feb-2019
143269;Parag Parikh Liquid Fund- Direct Plan- Growth;INF879O01068;;1052.1708;;;28-Feb-2019
143269;Parag Parikh Liquid Fund- Direct Plan- Growth;INF879O01068;;1052.3461;;;01-Mar-2019
143269;Parag Parikh Liquid Fund- Direct Plan- Growth;INF879O01068;;1052.8810;;;04-Mar-2019
143269;Parag Parikh Liquid Fund- Direct Plan- Growth;INF879O01068;;1053.0592;;;05-Mar-2019
143269;Parag Parikh Liquid Fund- Direct Plan- Growth;INF879O01068;;1053.2342;;;06-Mar-2019
143269;Parag Parikh Liquid Fund- Direct Plan- Growth;INF879O01068;;1053.4118;;;07-Mar-2019
143269;Parag Parikh Liquid Fund- Direct Plan- Growth;INF879O01068;;1053.5885;;;08-Mar-2019
143269;Parag Parikh Liquid Fund- Direct Plan- Growth;INF879O01068;;1053.9437;;;10-Mar-2019
143269;Parag Parikh Liquid Fund- Direct Plan- Growth;INF879O01068;;1054.1307;;;11-Mar-2019
143269;Parag Parikh Liquid Fund- Direct Plan- Growth;INF879O01068;;1054.3067;;;12-Mar-2019
143269;Parag Parikh Liquid Fund- Direct Plan- Growth;INF879O01068;;1054.4883;;;13-Mar-2019
143269;Parag Parikh Liquid Fund- Direct Plan- Growth;INF879O01068;;1054.6848;;;14-Mar-2019
143269;Parag Parikh Liquid Fund- Direct Plan- Growth;INF879O01068;;1054.8438;;;15-Mar-2019
143269;Parag Parikh Liquid Fund- Direct Plan- Growth;INF879O01068;;1055.2235;;;17-Mar-2019
143269;Parag Parikh Liquid Fund- Direct Plan- Growth;INF879O01068;;1055.3950;;;18-Mar-2019
143269;Parag Parikh Liquid Fund- Direct Plan- Growth;INF879O01068;;1055.5912;;;19-Mar-2019
143269;Parag Parikh Liquid Fund- Direct Plan- Growth;INF879O01068;;1055.7718;;;20-Mar-2019
143269;Parag Parikh Liquid Fund- Direct Plan- Growth;INF879O01068;;1055.9488;;;21-Mar-2019
143269;Parag Parikh Liquid Fund- Direct Plan- Growth;INF879O01068;;1056.1247;;;22-Mar-2019
143269;Parag Parikh Liquid Fund- Direct Plan- Growth;INF879O01068;;1056.4790;;;24-Mar-2019
143269;Parag Parikh Liquid Fund- Direct Plan- Growth;INF879O01068;;1056.6570;;;25-Mar-2019
143269;Parag Parikh Liquid Fund- Direct Plan- Growth;INF879O01068;;1056.8305;;;26-Mar-2019
143269;Parag Parikh Liquid Fund- Direct Plan- Growth;INF879O01068;;1057.0109;;;27-Mar-2019
143269;Parag Parikh Liquid Fund- Direct Plan- Growth;INF879O01068;;1057.2057;;;28-Mar-2019
143269;Parag Parikh Liquid Fund- Direct Plan- Growth;INF879O01068;;1057.4263;;;29-Mar-2019
143262;Parag Parikh Liquid Fund- Direct Plan- Monthly Dividend;INF879O01076;INF879O01084;1003.1991;;;01-Jan-2019
143262;Parag Parikh Liquid Fund- Direct Plan- Monthly Dividend;INF879O01076;INF879O01084;1003.3904;;;02-Jan-2019
143262;Parag Parikh Liquid Fund- Direct Plan- Monthly Dividend;INF879O01076;INF879O01084;1003.5571;;;03-Jan-2019
143262;Parag Parikh Liquid Fund- Direct Plan- Monthly Dividend;INF879O01076;INF879O01084;1003.7446;;;04-Jan-2019
143262;Parag Parikh Liquid Fund- Direct Plan- Monthly Dividend;INF879O01076;INF879O01084;1004.0824;;;06-Jan-2019
143262;Parag Parikh Liquid Fund- Direct Plan- Monthly Dividend;INF879O01076;INF879O01084;1004.2497;;;07-Jan-2019
143262;Parag Parikh Liquid Fund- Direct Plan- Monthly Dividend;INF879O01076;INF879O01084;1004.4209;;;08-Jan-2019
143262;Parag Parikh Liquid Fund- Direct Plan- Monthly Dividend;INF879O01076;INF879O01084;1004.5992;;;09-Jan-2019
143262;Parag Parikh Liquid Fund- Direct Plan- Monthly Dividend;INF879O01076;INF879O01084;1004.7758;;;10-Jan-2019
143262;Parag Parikh Liquid Fund- Direct Plan- Monthly Dividend;INF879O01076;INF879O01084;1004.9564;;;11-Jan-2019
143262;Parag Parikh Liquid Fund- Direct Plan- Monthly Dividend;INF879O01076;INF879O01084;1005.3027;;;13-Jan-2019
143262;Parag Parikh Liquid Fund- Direct Plan- Monthly Dividend;INF879O01076;INF879O01084;1005.4655;;;14-Jan-2019
143262;Parag Parikh Liquid Fund- Direct Plan- Monthly Dividend;INF879O01076;INF879O01084;1005.6436;;;15-Jan-2019
143262;Parag Parikh Liquid Fund- Direct Plan- Monthly Dividend;INF879O01076;INF879O01084;1005.8110;;;16-Jan-2019
143262;Parag Parikh Liquid Fund- Direct Plan- Monthly Dividend;INF879O01076;INF879O01084;1005.9977;;;17-Jan-2019
143262;Parag Parikh Liquid Fund- Direct Plan- Monthly Dividend;INF879O01076;INF879O01084;1006.1712;;;18-Jan-2019
143262;Parag Parikh Liquid Fund- Direct Plan- Monthly Dividend;INF879O01076;INF879O01084;1006.5175;;;20-Jan-2019
143262;Parag Parikh Liquid Fund- Direct Plan- Monthly Dividend;INF879O01076;INF879O01084;1006.6969;;;21-Jan-2019
143262;Parag Parikh Liquid Fund- Direct Plan- Monthly Dividend;INF879O01076;INF879O01084;1006.8816;;;22-Jan-2019
143262;Parag Parikh Liquid Fund- Direct Plan- Monthly Dividend;INF879O01076;INF879O01084;1007.0524;;;23-Jan-2019
143262;Parag Parikh Liquid Fund- Direct Plan- Monthly Dividend;INF879O01076;INF879O01084;1007.2273;;;24-Jan-2019
143262;Parag Parikh Liquid Fund- Direct Plan- Monthly Dividend;INF879O01076;INF879O01084;1007.4041;;;25-Jan-2019
143262;Parag Parikh Liquid Fund- Direct Plan- Monthly Dividend;INF879O01076;INF879O01084;1007.7509;;;27-Jan-2019
143262;Parag Parikh Liquid Fund- Direct Plan- Monthly Dividend;INF879O01076;INF879O01084;1003.0000;;;28-Jan-2019
143262;Parag Parikh Liquid Fund- Direct Plan- Monthly Dividend;INF879O01076;INF879O01084;1003.1809;;;29-Jan-2019
143262;Parag Parikh Liquid Fund- Direct Plan- Monthly Dividend;INF879O01076;INF879O01084;1003.3323;;;30-Jan-2019
143262;Parag Parikh Liquid Fund- Direct Plan- Monthly Dividend;INF879O01076;INF879O01084;1003.5050;;;31-Jan-2019
143262;Parag Parikh Liquid Fund- Direct Plan- Monthly Dividend;INF879O01076;INF879O01084;1003.6729;;;01-Feb-2019
143262;Parag Parikh Liquid Fund- Direct Plan- Monthly Dividend;INF879O01076;INF879O01084;1004.0134;;;03-Feb-2019
143262;Parag Parikh Liquid Fund- Direct Plan- Monthly Dividend;INF879O01076;INF879O01084;1004.1759;;;04-Feb-2019
143262;Parag Parikh Liquid Fund- Direct Plan- Monthly Dividend;INF879O01076;INF879O01084;1004.3497;;;05-Feb-2019
143262;Parag Parikh Liquid Fund- Direct Plan- Monthly Dividend;INF879O01076;INF879O01084;1004.5190;;;06-Feb-2019
143262;Parag Parikh Liquid Fund- Direct Plan- Monthly Dividend;INF879O01076;INF879O01084;1004.7418;;;07-Feb-2019
143262;Parag Parikh Liquid Fund- Direct Plan- Monthly Dividend;INF879O01076;INF879O01084;1004.9113;;;08-Feb-2019
143262;Parag Parikh Liquid Fund- Direct Plan- Monthly Dividend;INF879O01076;INF879O01084;1005.2516;;;10-Feb-2019
143262;Parag Parikh Liquid Fund- Direct Plan- Monthly Dividend;INF879O01076;INF879O01084;1005.4218;;;11-Feb-2019
143262;Parag Parikh Liquid Fund- Direct Plan- Monthly Dividend;INF879O01076;INF879O01084;1005.5913;;;12-Feb-2019
143262;Parag Parikh Liquid Fund- Direct Plan- Monthly Dividend;INF879O01076;INF879O01084;1005.7699;;;13-Feb-2019
143262;Parag Parikh Liquid Fund- Direct Plan- Monthly Dividend;INF879O01076;INF879O01084;1005.9367;;;14-Feb-2019
143262;Parag Parikh Liquid Fund- Direct Plan- Monthly Dividend;INF879O01076;INF879O01084;1006.0981;;;15-Feb-2019
143262;Parag Parikh Liquid Fund- Direct Plan- Monthly Dividend;INF879O01076;INF879O01084;1006.4404;;;17-Feb-2019
143262;Parag Parikh Liquid Fund- Direct Plan- Monthly Dividend;INF879O01076;INF879O01084;1006.6052;;;18-Feb-2019
143262;Parag Parikh Liquid Fund- Direct Plan- Monthly Dividend;INF879O01076;INF879O01084;1006.7755;;;19-Feb-2019
143262;Parag Parikh Liquid Fund- Direct Plan- Monthly Dividend;INF879O01076;INF879O01084;1006.9389;;;20-Feb-2019
143262;Parag Parikh Liquid Fund- Direct Plan- Monthly Dividend;INF879O01076;INF879O01084;1007.1153;;;21-Feb-2019
143262;Parag Parikh Liquid Fund- Direct Plan- Monthly Dividend;INF879O01076;INF879O01084;1007.2877;;;22-Feb-2019
143262;Parag Parikh Liquid Fund- Direct Plan- Monthly Dividend;INF879O01076;INF879O01084;1007.6292;;;24-Feb-2019
143262;Parag Parikh Liquid Fund- Direct Plan- Monthly Dividend;INF879O01076;INF879O01084;1003.0000;;;25-Feb-2019
143262;Parag Parikh Liquid Fund- Direct Plan- Monthly Dividend;INF879O01076;INF879O01084;1003.1720;;;26-Feb-2019
143262;Parag Parikh Liquid Fund- Direct Plan- Monthly Dividend;INF879O01076;INF879O01084;1003.3366;;;27-Feb-2019
143262;Parag Parikh Liquid Fund- Direct Plan- Monthly Dividend;INF879O01076;INF879O01084;1003.5256;;;28-Feb-2019
143262;Parag Parikh Liquid Fund- Direct Plan- Monthly Dividend;INF879O01076;INF879O01084;1003.6928;;;01-Mar-2019
143262;Parag Parikh Liquid Fund- Direct Plan- Monthly Dividend;INF879O01076;INF879O01084;1004.2029;;;04-Mar-2019
143262;Parag Parikh Liquid Fund- Direct Plan- Monthly Dividend;INF879O01076;INF879O01084;1004.3729;;;05-Mar-2019
143262;Parag Parikh Liquid Fund- Direct Plan- Monthly Dividend;INF879O01076;INF879O01084;1004.5398;;;06-Mar-2019
143262;Parag Parikh Liquid Fund- Direct Plan- Monthly Dividend;INF879O01076;INF879O01084;1004.7092;;;07-Mar-2019
143262;Parag Parikh Liquid Fund- Direct Plan- Monthly Dividend;INF879O01076;INF879O01084;1004.8778;;;08-Mar-2019
143262;Parag Parikh Liquid Fund- Direct Plan- Monthly Dividend;INF879O01076;INF879O01084;1005.2165;;;10-Mar-2019
143262;Parag Parikh Liquid Fund- Direct Plan- Monthly Dividend;INF879O01076;INF879O01084;1005.3949;;;11-Mar-2019
143262;Parag Parikh Liquid Fund- Direct Plan- Monthly Dividend;INF879O01076;INF879O01084;1005.5630;;;12-Mar-2019
143262;Parag Parikh Liquid Fund- Direct Plan- Monthly Dividend;INF879O01076;INF879O01084;1005.7361;;;13-Mar-2019
143262;Parag Parikh Liquid Fund- Direct Plan- Monthly Dividend;INF879O01076;INF879O01084;1005.9236;;;14-Mar-2019
143262;Parag Parikh Liquid Fund- Direct Plan- Monthly Dividend;INF879O01076;INF879O01084;1006.0752;;;15-Mar-2019
143262;Parag Parikh Liquid Fund- Direct Plan- Monthly Dividend;INF879O01076;INF879O01084;1006.4374;;;17-Mar-2019
143262;Parag Parikh Liquid Fund- Direct Plan- Monthly Dividend;INF879O01076;INF879O01084;1006.6009;;;18-Mar-2019
143262;Parag Parikh Liquid Fund- Direct Plan- Monthly Dividend;INF879O01076;INF879O01084;1006.7882;;;19-Mar-2019
143262;Parag Parikh Liquid Fund- Direct Plan- Monthly Dividend;INF879O01076;INF879O01084;1006.9602;;;20-Mar-2019
143262;Parag Parikh Liquid Fund- Direct Plan- Monthly Dividend;INF879O01076;INF879O01084;1007.1290;;;21-Mar-2019
143262;Parag Parikh Liquid Fund- Direct Plan- Monthly Dividend;INF879O01076;INF879O01084;1007.2968;;;22-Mar-2019
143262;Parag Parikh Liquid Fund- Direct Plan- Monthly Dividend;INF879O01076;INF879O01084;1007.6347;;;24-Mar-2019
143262;Parag Parikh Liquid Fund- Direct Plan- Monthly Dividend;INF879O01076;INF879O01084;1003.0000;;;25-Mar-2019
143262;Parag Parikh Liquid Fund- Direct Plan- Monthly Dividend;INF879O01076;INF879O01084;1003.1648;;;26-Mar-2019
143262;Parag Parikh Liquid Fund- Direct Plan- Monthly Dividend;INF879O01076;INF879O01084;1003.3360;;;27-Mar-2019
143262;Parag Parikh Liquid Fund- Direct Plan- Monthly Dividend;INF879O01076;INF879O01084;1003.5209;;;28-Mar-2019
143262;Parag Parikh Liquid Fund- Direct Plan- Monthly Dividend;INF879O01076;INF879O01084;1003.7303;;;29-Mar-2019
143265;Parag Parikh Liquid Fund- Direct Plan- Weekly Dividend Reinvestment;;;1001.1989;;;01-Jan-2019
143265;Parag Parikh Liquid Fund- Direct Plan- Weekly Dividend Reinvestment;;;1001.3898;;;02-Jan-2019
143265;Parag Parikh Liquid Fund- Direct Plan- Weekly Dividend Reinvestment;;;1001.5561;;;03-Jan-2019
143265;Parag Parikh Liquid Fund- Direct Plan- Weekly Dividend Reinvestment;;;1001.7432;;;04-Jan-2019
143265;Parag Parikh Liquid Fund- Direct Plan- Weekly Dividend Reinvestment;;;1002.0803;;;06-Jan-2019
143265;Parag Parikh Liquid Fund- Direct Plan- Weekly Dividend Reinvestment;;;1001.0000;;;07-Jan-2019
143265;Parag Parikh Liquid Fund- Direct Plan- Weekly Dividend Reinvestment;;;1001.1709;;;08-Jan-2019
143265;Parag Parikh Liquid Fund- Direct Plan- Weekly Dividend Reinvestment;;;1001.3486;;;09-Jan-2019
143265;Parag Parikh Liquid Fund- Direct Plan- Weekly Dividend Reinvestment;;;1001.5246;;;10-Jan-2019
143265;Parag Parikh Liquid Fund- Direct Plan- Weekly Dividend Reinvestment;;;1001.7047;;;11-Jan-2019
143265;Parag Parikh Liquid Fund- Direct Plan- Weekly Dividend Reinvestment;;;1002.0499;;;13-Jan-2019
143265;Parag Parikh Liquid Fund- Direct Plan- Weekly Dividend Reinvestment;;;1001.0000;;;14-Jan-2019
143265;Parag Parikh Liquid Fund- Direct Plan- Weekly Dividend Reinvestment;;;1001.1774;;;15-Jan-2019
143265;Parag Parikh Liquid Fund- Direct Plan- Weekly Dividend Reinvestment;;;1001.3438;;;16-Jan-2019
143265;Parag Parikh Liquid Fund- Direct Plan- Weekly Dividend Reinvestment;;;1001.5297;;;17-Jan-2019
143265;Parag Parikh Liquid Fund- Direct Plan- Weekly Dividend Reinvestment;;;1001.7024;;;18-Jan-2019
143265;Parag Parikh Liquid Fund- Direct Plan- Weekly Dividend Reinvestment;;;1002.0471;;;20-Jan-2019
143265;Parag Parikh Liquid Fund- Direct Plan- Weekly Dividend Reinvestment;;;1001.0000;;;21-Jan-2019
143265;Parag Parikh Liquid Fund- Direct Plan- Weekly Dividend Reinvestment;;;1001.1837;;;22-Jan-2019
143265;Parag Parikh Liquid Fund- Direct Plan- Weekly Dividend Reinvestment;;;1001.3536;;;23-Jan-2019
143265;Parag Parikh Liquid Fund- Direct Plan- Weekly Dividend Reinvestment;;;1001.5275;;;24-Jan-2019
143265;Parag Parikh Liquid Fund- Direct Plan- Weekly Dividend Reinvestment;;;1001.7033;;;25-Jan-2019
143265;Parag Parikh Liquid Fund- Direct Plan- Weekly Dividend Reinvestment;;;1002.0480;;;27-Jan-2019
143265;Parag Parikh Liquid Fund- Direct Plan- Weekly Dividend Reinvestment;;;1001.0000;;;28-Jan-2019
143265;Parag Parikh Liquid Fund- Direct Plan- Weekly Dividend Reinvestment;;;1001.1808;;;29-Jan-2019
143265;Parag Parikh Liquid Fund- Direct Plan- Weekly Dividend Reinvestment;;;1001.3319;;;30-Jan-2019
143265;Parag Parikh Liquid Fund- Direct Plan- Weekly Dividend Reinvestment;;;1001.5043;;;31-Jan-2019
143265;Parag Parikh Liquid Fund- Direct Plan- Weekly Dividend Reinvestment;;;1001.6718;;;01-Feb-2019
143265;Parag Parikh Liquid Fund- Direct Plan- Weekly Dividend Reinvestment;;;1002.0117;;;03-Feb-2019
143265;Parag Parikh Liquid Fund- Direct Plan- Weekly Dividend Reinvestment;;;1001.0000;;;04-Feb-2019
143265;Parag Parikh Liquid Fund- Direct Plan- Weekly Dividend Reinvestment;;;1001.1733;;;05-Feb-2019
143265;Parag Parikh Liquid Fund- Direct Plan- Weekly Dividend Reinvestment;;;1001.3421;;;06-Feb-2019
143265;Parag Parikh Liquid Fund- Direct Plan- Weekly Dividend Reinvestment;;;1001.5641;;;07-Feb-2019
143265;Parag Parikh Liquid Fund- Direct Plan- Weekly Dividend Reinvestment;;;1001.7331;;;08-Feb-2019
143265;Parag Parikh Liquid Fund- Direct Plan- Weekly Dividend Reinvestment;;;1002.0723;;;10-Feb-2019
143265;Parag Parikh Liquid Fund- Direct Plan- Weekly Dividend Reinvestment;;;1001.0000;;;11-Feb-2019
143265;Parag Parikh Liquid Fund- Direct Plan- Weekly Dividend Reinvestment;;;1001.1689;;;12-Feb-2019
143265;Parag Parikh Liquid Fund- Direct Plan- Weekly Dividend Reinvestment;;;1001.3467;;;13-Feb-2019
143265;Parag Parikh Liquid Fund- Direct Plan- Weekly Dividend Reinvestment;;;1001.5128;;;14-Feb-2019
143265;Parag Parikh Liquid Fund- Direct Plan- Weekly Dividend Reinvestment;;;1001.6735;;;15-Feb-2019
143265;Parag Parikh Liquid Fund- Direct Plan- Weekly Dividend Reinvestment;;;1002.0143;;;17-Feb-2019
143265;Parag Parikh Liquid Fund- Direct Plan- Weekly Dividend Reinvestment;;;1001.0000;;;18-Feb-2019
143265;Parag Parikh Liquid Fund- Direct Plan- Weekly Dividend Reinvestment;;;1001.1695;;;19-Feb-2019
143265;Parag Parikh Liquid Fund- Direct Plan- Weekly Dividend Reinvestment;;;1001.3320;;;20-Feb-2019
143265;Parag Parikh Liquid Fund- Direct Plan- Weekly Dividend Reinvestment;;;1001.5073;;;21-Feb-2019
143265;Parag Parikh Liquid Fund- Direct Plan- Weekly Dividend Reinvestment;;;1001.6788;;;22-Feb-2019
143265;Parag Parikh Liquid Fund- Direct Plan- Weekly Dividend Reinvestment;;;1002.0184;;;24-Feb-2019
143265;Parag Parikh Liquid Fund- Direct Plan- Weekly Dividend Reinvestment;;;1001.0000;;;25-Feb-2019
143265;Parag Parikh Liquid Fund- Direct Plan- Weekly Dividend Reinvestment;;;1001.1716;;;26-Feb-2019
143265;Parag Parikh Liquid Fund- Direct Plan- Weekly Dividend Reinvestment;;;1001.3359;;;27-Feb-2019
143265;Parag Parikh Liquid Fund- Direct Plan- Weekly Dividend Reinvestment;;;1001.5244;;;28-Feb-2019
143265;Parag Parikh Liquid Fund- Direct Plan- Weekly Dividend Reinvestment;;;1001.6914;;;01-Mar-2019
143265;Parag Parikh Liquid Fund- Direct Plan- Weekly Dividend Reinvestment;;;1002.2004;;;04-Mar-2019
143265;Parag Parikh Liquid Fund- Direct Plan- Weekly Dividend Reinvestment;;;1001.0000;;;05-Mar-2019
143265;Parag Parikh Liquid Fund- Direct Plan- Weekly Dividend Reinvestment;;;1001.1664;;;06-Mar-2019
143265;Parag Parikh Liquid Fund- Direct Plan- Weekly Dividend Reinvestment;;;1001.3352;;;07-Mar-2019
143265;Parag Parikh Liquid Fund- Direct Plan- Weekly Dividend Reinvestment;;;1001.5032;;;08-Mar-2019
143265;Parag Parikh Liquid Fund- Direct Plan- Weekly Dividend Reinvestment;;;1001.8408;;;10-Mar-2019
143265;Parag Parikh Liquid Fund- Direct Plan- Weekly Dividend Reinvestment;;;1001.0000;;;11-Mar-2019
143265;Parag Parikh Liquid Fund- Direct Plan- Weekly Dividend Reinvestment;;;1001.1672;;;12-Mar-2019
143265;Parag Parikh Liquid Fund- Direct Plan- Weekly Dividend Reinvestment;;;1001.3396;;;13-Mar-2019
143265;Parag Parikh Liquid Fund- Direct Plan- Weekly Dividend Reinvestment;;;1001.5262;;;14-Mar-2019
143265;Parag Parikh Liquid Fund- Direct Plan- Weekly Dividend Reinvestment;;;1001.6772;;;15-Mar-2019
143265;Parag Parikh Liquid Fund- Direct Plan- Weekly Dividend Reinvestment;;;1002.0378;;;17-Mar-2019
143265;Parag Parikh Liquid Fund- Direct Plan- Weekly Dividend Reinvestment;;;1001.0000;;;18-Mar-2019
143265;Parag Parikh Liquid Fund- Direct Plan- Weekly Dividend Reinvestment;;;1001.1862;;;19-Mar-2019
143265;Parag Parikh Liquid Fund- Direct Plan- Weekly Dividend Reinvestment;;;1001.3574;;;20-Mar-2019
143265;Parag Parikh Liquid Fund- Direct Plan- Weekly Dividend Reinvestment;;;1001.5253;;;21-Mar-2019
143265;Parag Parikh Liquid Fund- Direct Plan- Weekly Dividend Reinvestment;;;1001.6921;;;22-Mar-2019
143265;Parag Parikh Liquid Fund- Direct Plan- Weekly Dividend Reinvestment;;;1002.0281;;;24-Mar-2019
143265;Parag Parikh Liquid Fund- Direct Plan- Weekly Dividend Reinvestment;;;1001.0000;;;25-Mar-2019
143265;Parag Parikh Liquid Fund- Direct Plan- Weekly Dividend Reinvestment;;;1001.1643;;;26-Mar-2019
143265;Parag Parikh Liquid Fund- Direct Plan- Weekly Dividend Reinvestment;;;1001.3353;;;27-Mar-2019
143265;Parag Parikh Liquid Fund- Direct Plan- Weekly Dividend Reinvestment;;;1001.5198;;;28-Mar-2019
143265;Parag Parikh Liquid Fund- Direct Plan- Weekly Dividend Reinvestment;;;1001.7288;;;29-Mar-2019
143264;Parag Parikh Liquid Fund- Regular Plan- Daily Dividend Reinvestment;;;1000.2000;;;01-Jan-2019
143264;Parag Parikh Liquid Fund- Regular Plan- Daily Dividend Reinvestment;;;1000.2000;;;02-Jan-2019
143264;Parag Parikh Liquid Fund- Regular Plan- Daily Dividend Reinvestment;;;1000.2000;;;03-Jan-2019
143264;Parag Parikh Liquid Fund- Regular Plan- Daily Dividend Reinvestment;;;1000.2000;;;04-Jan-2019
143264;Parag Parikh Liquid Fund- Regular Plan- Daily Dividend Reinvestment;;;1000.2000;;;06-Jan-2019
143264;Parag Parikh Liquid Fund- Regular Plan- Daily Dividend Reinvestment;;;1000.2000;;;07-Jan-2019
143264;Parag Parikh Liquid Fund- Regular Plan- Daily Dividend Reinvestment;;;1000.2000;;;08-Jan-2019
143264;Parag Parikh Liquid Fund- Regular Plan- Daily Dividend Reinvestment;;;1000.2000;;;09-Jan-2019
143264;Parag Parikh Liquid Fund- Regular Plan- Daily Dividend Reinvestment;;;1000.2000;;;10-Jan-2019
143264;Parag Parikh Liquid Fund- Regular Plan- Daily Dividend Reinvestment;;;1000.2000;;;11-Jan-2019
143264;Parag Parikh Liquid Fund- Regular Plan- Daily Dividend Reinvestment;;;1000.2000;;;13-Jan-2019
143264;Parag Parikh Liquid Fund- Regular Plan- Daily Dividend Reinvestment;;;1000.2000;;;14-Jan-2019
143264;Parag Parikh Liquid Fund- Regular Plan- Daily Dividend Reinvestment;;;1000.2000;;;15-Jan-2019
143264;Parag Parikh Liquid Fund- Regular Plan- Daily Dividend Reinvestment;;;1000.2000;;;16-Jan-2019
143264;Parag Parikh Liquid Fund- Regular Plan- Daily Dividend Reinvestment;;;1000.2000;;;17-Jan-2019
143264;Parag Parikh Liquid Fund- Regular Plan- Daily Dividend Reinvestment;;;1000.2000;;;18-Jan-2019
143264;Parag Parikh Liquid Fund- Regular Plan- Daily Dividend Reinvestment;;;1000.2000;;;20-Jan-2019
143264;Parag Parikh Liquid Fund- Regular Plan- Daily Dividend Reinvestment;;;1000.2000;;;21-Jan-2019
143264;Parag Parikh Liquid Fund- Regular Plan- Daily Dividend Reinvestment;;;1000.2000;;;22-Jan-2019
143264;Parag Parikh Liquid Fund- Regular Plan- Daily Dividend Reinvestment;;;1000.2000;;;23-Jan-2019
143264;Parag Parikh Liquid Fund- Regular Plan- Daily Dividend Reinvestment;;;1000.2000;;;24-Jan-2019
143264;Parag Parikh Liquid Fund- Regular Plan- Daily Dividend Reinvestment;;;1000.2000;;;25-Jan-2019
143264;Parag Parikh Liquid Fund- Regular Plan- Daily Dividend Reinvestment;;;1000.2000;;;27-Jan-2019
143264;Parag Parikh Liquid Fund- Regular Plan- Daily Dividend Reinvestment;;;1000.2000;;;28-Jan-2019
143264;Parag Parikh Liquid Fund- Regular Plan- Daily Dividend Reinvestment;;;1000.2000;;;29-Jan-2019
143264;Parag Parikh Liquid Fund- Regular Plan- Daily Dividend Reinvestment;;;1000.2000;;;30-Jan-2019
143264;Parag Parikh Liquid Fund- Regular Plan- Daily Dividend Reinvestment;;;1000.2000;;;31-Jan-2019
143264;Parag Parikh Liquid Fund- Regular Plan- Daily Dividend Reinvestment;;;1000.2000;;;01-Feb-2019
143264;Parag Parikh Liquid Fund- Regular Plan- Daily Dividend Reinvestment;;;1000.2000;;;03-Feb-2019
143264;Parag Parikh Liquid Fund- Regular Plan- Daily Dividend Reinvestment;;;1000.2000;;;04-Feb-2019
143264;Parag Parikh Liquid Fund- Regular Plan- Daily Dividend Reinvestment;;;1000.2000;;;05-Feb-2019
143264;Parag Parikh Liquid Fund- Regular Plan- Daily Dividend Reinvestment;;;1000.2000;;;06-Feb-2019
143264;Parag Parikh Liquid Fund- Regular Plan- Daily Dividend Reinvestment;;;1000.2000;;;07-Feb-2019
143264;Parag Parikh Liquid Fund- Regular Plan- Daily Dividend Reinvestment;;;1000.2000;;;08-Feb-2019
143264;Parag Parikh Liquid Fund- Regular Plan- Daily Dividend Reinvestment;;;1000.2000;;;10-Feb-2019
143264;Parag Parikh Liquid Fund- Regular Plan- Daily Dividend Reinvestment;;;1000.2000;;;11-Feb-2019
143264;Parag Parikh Liquid Fund- Regular Plan- Daily Dividend Reinvestment;;;1000.2000;;;12-Feb-2019
143264;Parag Parikh Liquid Fund- Regular Plan- Daily Dividend Reinvestment;;;1000.2000;;;13-Feb-2019
143264;Parag Parikh Liquid Fund- Regular Plan- Daily Dividend Reinvestment;;;1000.2000;;;14-Feb-2019
143264;Parag Parikh Liquid Fund- Regular Plan- Daily Dividend Reinvestment;;;1000.2000;;;15-Feb-2019
143264;Parag Parikh Liquid Fund- Regular Plan- Daily Dividend Reinvestment;;;1000.2000;;;17-Feb-2019
143264;Parag Parikh Liquid Fund- Regular Plan- Daily Dividend Reinvestment;;;1000.2000;;;18-Feb-2019
143264;Parag Parikh Liquid Fund- Regular Plan- Daily Dividend Reinvestment;;;1000.2000;;;19-Feb-2019
143264;Parag Parikh Liquid Fund- Regular Plan- Daily Dividend Reinvestment;;;1000.2000;;;20-Feb-2019
143264;Parag Parikh Liquid Fund- Regular Plan- Daily Dividend Reinvestment;;;1000.2000;;;21-Feb-2019
143264;Parag Parikh Liquid Fund- Regular Plan- Daily Dividend Reinvestment;;;1000.2000;;;22-Feb-2019
143264;Parag Parikh Liquid Fund- Regular Plan- Daily Dividend Reinvestment;;;1000.2000;;;24-Feb-2019
143264;Parag Parikh Liquid Fund- Regular Plan- Daily Dividend Reinvestment;;;1000.2000;;;25-Feb-2019
143264;Parag Parikh Liquid Fund- Regular Plan- Daily Dividend Reinvestment;;;1000.2000;;;26-Feb-2019
143264;Parag Parikh Liquid Fund- Regular Plan- Daily Dividend Reinvestment;;;1000.2000;;;27-Feb-2019
143264;Parag Parikh Liquid Fund- Regular Plan- Daily Dividend Reinvestment;;;1000.2000;;;28-Feb-2019
143264;Parag Parikh Liquid Fund- Regular Plan- Daily Dividend Reinvestment;;;1000.2000;;;01-Mar-2019
143264;Parag Parikh Liquid Fund- Regular Plan- Daily Dividend Reinvestment;;;1000.2000;;;04-Mar-2019
143264;Parag Parikh Liquid Fund- Regular Plan- Daily Dividend Reinvestment;;;1000.2000;;;05-Mar-2019
143264;Parag Parikh Liquid Fund- Regular Plan- Daily Dividend Reinvestment;;;1000.2000;;;06-Mar-2019
143264;Parag Parikh Liquid Fund- Regular Plan- Daily Dividend Reinvestment;;;1000.2000;;;07-Mar-2019
143264;Parag Parikh Liquid Fund- Regular Plan- Daily Dividend Reinvestment;;;1000.2000;;;08-Mar-2019
143264;Parag Parikh Liquid Fund- Regular Plan- Daily Dividend Reinvestment;;;1000.2000;;;10-Mar-2019
143264;Parag Parikh Liquid Fund- Regular Plan- Daily Dividend Reinvestment;;;1000.2000;;;11-Mar-2019
143264;Parag Parikh Liquid Fund- Regular Plan- Daily Dividend Reinvestment;;;1000.2000;;;12-Mar-2019
143264;Parag Parikh Liquid Fund- Regular Plan- Daily Dividend Reinvestment;;;1000.2000;;;13-Mar-2019
143264;Parag Parikh Liquid Fund- Regular Plan- Daily Dividend Reinvestment;;;1000.2000;;;14-Mar-2019
143264;Parag Parikh Liquid Fund- Regular Plan- Daily Dividend Reinvestment;;;1000.2000;;;15-Mar-2019
143264;Parag Parikh Liquid Fund- Regular Plan- Daily Dividend Reinvestment;;;1000.2000;;;17-Mar-2019
143264;Parag Parikh Liquid Fund- Regular Plan- Daily Dividend Reinvestment;;;1000.2000;;;18-Mar-2019
143264;Parag Parikh Liquid Fund- Regular Plan- Daily Dividend Reinvestment;;;1000.2000;;;19-Mar-2019
143264;Parag Parikh Liquid Fund- Regular Plan- Daily Dividend Reinvestment;;;1000.2000;;;20-Mar-2019
143264;Parag Parikh Liquid Fund- Regular Plan- Daily Dividend Reinvestment;;;1000.2000;;;21-Mar-2019
143264;Parag Parikh Liquid Fund- Regular Plan- Daily Dividend Reinvestment;;;1000.2000;;;22-Mar-2019
143264;Parag Parikh Liquid Fund- Regular Plan- Daily Dividend Reinvestment;;;1000.2000;;;24-Mar-2019
143264;Parag Parikh Liquid Fund- Regular Plan- Daily Dividend Reinvestment;;;1000.2000;;;25-Mar-2019
143264;Parag Parikh Liquid Fund- Regular Plan- Daily Dividend Reinvestment;;;1000.2000;;;26-Mar-2019
143264;Parag Parikh Liquid Fund- Regular Plan- Daily Dividend Reinvestment;;;1000.2000;;;27-Mar-2019
143264;Parag Parikh Liquid Fund- Regular Plan- Daily Dividend Reinvestment;;;1000.2000;;;28-Mar-2019
143264;Parag Parikh Liquid Fund- Regular Plan- Daily Dividend Reinvestment;;;1000.2000;;;29-Mar-2019
143260;Parag Parikh Liquid Fund- Regular Plan- Growth;INF879O01035;;1040.9091;;;01-Jan-2019
143260;Parag Parikh Liquid Fund- Regular Plan- Growth;INF879O01035;;1041.1047;;;02-Jan-2019
143260;Parag Parikh Liquid Fund- Regular Plan- Growth;INF879O01035;;1041.2747;;;03-Jan-2019
143260;Parag Parikh Liquid Fund- Regular Plan- Growth;INF879O01035;;1041.4665;;;04-Jan-2019
143260;Parag Parikh Liquid Fund- Regular Plan- Growth;INF879O01035;;1041.8112;;;06-Jan-2019
143260;Parag Parikh Liquid Fund- Regular Plan- Growth;INF879O01035;;1041.9819;;;07-Jan-2019
143260;Parag Parikh Liquid Fund- Regular Plan- Growth;INF879O01035;;1042.1568;;;08-Jan-2019
143260;Parag Parikh Liquid Fund- Regular Plan- Growth;INF879O01035;;1042.3389;;;09-Jan-2019
143260;Parag Parikh Liquid Fund- Regular Plan- Growth;INF879O01035;;1042.5193;;;10-Jan-2019
143260;Parag Parikh Liquid Fund- Regular Plan- Growth;INF879O01035;;1042.7038;;;11-Jan-2019
143260;Parag Parikh Liquid Fund- Regular Plan- Growth;INF879O01035;;1043.0574;;;13-Jan-2019
143260;Parag Parikh Liquid Fund- Regular Plan- Growth;INF879O01035;;1043.2234;;;14-Jan-2019
143260;Parag Parikh Liquid Fund- Regular Plan- Growth;INF879O01035;;1043.4054;;;15-Jan-2019
143260;Parag Parikh Liquid Fund- Regular Plan- Growth;INF879O01035;;1043.5761;;;16-Jan-2019
143260;Parag Parikh Liquid Fund- Regular Plan- Growth;INF879O01035;;1043.7670;;;17-Jan-2019
143260;Parag Parikh Liquid Fund- Regular Plan- Growth;INF879O01035;;1043.9442;;;18-Jan-2019
143260;Parag Parikh Liquid Fund- Regular Plan- Growth;INF879O01035;;1044.2977;;;20-Jan-2019
143260;Parag Parikh Liquid Fund- Regular Plan- Growth;INF879O01035;;1044.4810;;;21-Jan-2019
143260;Parag Parikh Liquid Fund- Regular Plan- Growth;INF879O01035;;1044.6697;;;22-Jan-2019
143260;Parag Parikh Liquid Fund- Regular Plan- Growth;INF879O01035;;1044.8441;;;23-Jan-2019
143260;Parag Parikh Liquid Fund- Regular Plan- Growth;INF879O01035;;1045.0227;;;24-Jan-2019
143260;Parag Parikh Liquid Fund- Regular Plan- Growth;INF879O01035;;1045.2033;;;25-Jan-2019
143260;Parag Parikh Liquid Fund- Regular Plan- Growth;INF879O01035;;1045.5574;;;27-Jan-2019
143260;Parag Parikh Liquid Fund- Regular Plan- Growth;INF879O01035;;1045.7416;;;28-Jan-2019
143260;Parag Parikh Liquid Fund- Regular Plan- Growth;INF879O01035;;1045.9274;;;29-Jan-2019
143260;Parag Parikh Liquid Fund- Regular Plan- Growth;INF879O01035;;1046.0824;;;30-Jan-2019
143260;Parag Parikh Liquid Fund- Regular Plan- Growth;INF879O01035;;1046.2596;;;31-Jan-2019
143260;Parag Parikh Liquid Fund- Regular Plan- Growth;INF879O01035;;1046.4318;;;01-Feb-2019
143260;Parag Parikh Liquid Fund- Regular Plan- Growth;INF879O01035;;1046.7810;;;03-Feb-2019
143260;Parag Parikh Liquid Fund- Regular Plan- Growth;INF879O01035;;1046.9476;;;04-Feb-2019
143260;Parag Parikh Liquid Fund- Regular Plan- Growth;INF879O01035;;1047.1259;;;05-Feb-2019
143260;Parag Parikh Liquid Fund- Regular Plan- Growth;INF879O01035;;1047.2994;;;06-Feb-2019
143260;Parag Parikh Liquid Fund- Regular Plan- Growth;INF879O01035;;1047.5288;;;07-Feb-2019
143260;Parag Parikh Liquid Fund- Regular Plan- Growth;INF879O01035;;1047.7026;;;08-Feb-2019
143260;Parag Parikh Liquid Fund- Regular Plan- Growth;INF879O01035;;1048.0517;;;10-Feb-2019
143260;Parag Parikh Liquid Fund- Regular Plan- Growth;INF879O01035;;1048.2262;;;11-Feb-2019
143260;Parag Parikh Liquid Fund- Regular Plan- Growth;INF879O01035;;1048.4002;;;12-Feb-2019
143260;Parag Parikh Liquid Fund- Regular Plan- Growth;INF879O01035;;1048.5834;;;13-Feb-2019
143260;Parag Parikh Liquid Fund- Regular Plan- Growth;INF879O01035;;1048.7545;;;14-Feb-2019
143260;Parag Parikh Liquid Fund- Regular Plan- Growth;INF879O01035;;1048.9199;;;15-Feb-2019
143260;Parag Parikh Liquid Fund- Regular Plan- Growth;INF879O01035;;1049.2711;;;17-Feb-2019
143260;Parag Parikh Liquid Fund- Regular Plan- Growth;INF879O01035;;1049.4398;;;18-Feb-2019
143260;Parag Parikh Liquid Fund- Regular Plan- Growth;INF879O01035;;1049.6145;;;19-Feb-2019
143260;Parag Parikh Liquid Fund- Regular Plan- Growth;INF879O01035;;1049.7820;;;20-Feb-2019
143260;Parag Parikh Liquid Fund- Regular Plan- Growth;INF879O01035;;1049.9630;;;21-Feb-2019
143260;Parag Parikh Liquid Fund- Regular Plan- Growth;INF879O01035;;1050.1399;;;22-Feb-2019
143260;Parag Parikh Liquid Fund- Regular Plan- Growth;INF879O01035;;1050.4902;;;24-Feb-2019
143260;Parag Parikh Liquid Fund- Regular Plan- Growth;INF879O01035;;1050.6649;;;25-Feb-2019
143260;Parag Parikh Liquid Fund- Regular Plan- Growth;INF879O01035;;1050.8421;;;26-Feb-2019
143260;Parag Parikh Liquid Fund- Regular Plan- Growth;INF879O01035;;1051.0127;;;27-Feb-2019
143260;Parag Parikh Liquid Fund- Regular Plan- Growth;INF879O01035;;1051.2077;;;28-Feb-2019
143260;Parag Parikh Liquid Fund- Regular Plan- Growth;INF879O01035;;1051.3800;;;01-Mar-2019
143260;Parag Parikh Liquid Fund- Regular Plan- Growth;INF879O01035;;1051.9057;;;04-Mar-2019
143260;Parag Parikh Liquid Fund- Regular Plan- Growth;INF879O01035;;1052.0809;;;05-Mar-2019
143260;Parag Parikh Liquid Fund- Regular Plan- Growth;INF879O01035;;1052.2527;;;06-Mar-2019
143260;Parag Parikh Liquid Fund- Regular Plan- Growth;INF879O01035;;1052.4265;;;07-Mar-2019
143260;Parag Parikh Liquid Fund- Regular Plan- Growth;INF879O01035;;1052.6009;;;08-Mar-2019
143260;Parag Parikh Liquid Fund- Regular Plan- Growth;INF879O01035;;1052.9500;;;10-Mar-2019
143260;Parag Parikh Liquid Fund- Regular Plan- Growth;INF879O01035;;1053.1339;;;11-Mar-2019
143260;Parag Parikh Liquid Fund- Regular Plan- Growth;INF879O01035;;1053.3071;;;12-Mar-2019
143260;Parag Parikh Liquid Fund- Regular Plan- Growth;INF879O01035;;1053.4855;;;13-Mar-2019
143260;Parag Parikh Liquid Fund- Regular Plan- Growth;INF879O01035;;1053.6790;;;14-Mar-2019
143260;Parag Parikh Liquid Fund- Regular Plan- Growth;INF879O01035;;1053.8348;;;15-Mar-2019
143260;Parag Parikh Liquid Fund- Regular Plan- Growth;INF879O01035;;1054.2085;;;17-Mar-2019
143260;Parag Parikh Liquid Fund- Regular Plan- Growth;INF879O01035;;1054.3769;;;18-Mar-2019
143260;Parag Parikh Liquid Fund- Regular Plan- Growth;INF879O01035;;1054.5701;;;19-Mar-2019
143260;Parag Parikh Liquid Fund- Regular Plan- Growth;INF879O01035;;1054.7476;;;20-Mar-2019
143260;Parag Parikh Liquid Fund- Regular Plan- Growth;INF879O01035;;1054.9215;;;21-Mar-2019
143260;Parag Parikh Liquid Fund- Regular Plan- Growth;INF879O01035;;1055.0943;;;22-Mar-2019
143260;Parag Parikh Liquid Fund- Regular Plan- Growth;INF879O01035;;1055.4425;;;24-Mar-2019
143260;Parag Parikh Liquid Fund- Regular Plan- Growth;INF879O01035;;1055.6176;;;25-Mar-2019
143260;Parag Parikh Liquid Fund- Regular Plan- Growth;INF879O01035;;1055.7881;;;26-Mar-2019
143260;Parag Parikh Liquid Fund- Regular Plan- Growth;INF879O01035;;1055.9655;;;27-Mar-2019
143260;Parag Parikh Liquid Fund- Regular Plan- Growth;INF879O01035;;1056.1572;;;28-Mar-2019
143260;Parag Parikh Liquid Fund- Regular Plan- Growth;INF879O01035;;1056.3747;;;29-Mar-2019
143261;Parag Parikh Liquid Fund- Regular Plan- Monthly Dividend;INF879O01043;INF879O01050;1003.1966;;;01-Jan-2019
143261;Parag Parikh Liquid Fund- Regular Plan- Monthly Dividend;INF879O01043;INF879O01050;1003.3852;;;02-Jan-2019
143261;Parag Parikh Liquid Fund- Regular Plan- Monthly Dividend;INF879O01043;INF879O01050;1003.5492;;;03-Jan-2019
143261;Parag Parikh Liquid Fund- Regular Plan- Monthly Dividend;INF879O01043;INF879O01050;1003.7337;;;04-Jan-2019
143261;Parag Parikh Liquid Fund- Regular Plan- Monthly Dividend;INF879O01043;INF879O01050;1004.0660;;;06-Jan-2019
143261;Parag Parikh Liquid Fund- Regular Plan- Monthly Dividend;INF879O01043;INF879O01050;1004.2305;;;07-Jan-2019
143261;Parag Parikh Liquid Fund- Regular Plan- Monthly Dividend;INF879O01043;INF879O01050;1004.3991;;;08-Jan-2019
143261;Parag Parikh Liquid Fund- Regular Plan- Monthly Dividend;INF879O01043;INF879O01050;1004.5746;;;09-Jan-2019
143261;Parag Parikh Liquid Fund- Regular Plan- Monthly Dividend;INF879O01043;INF879O01050;1004.7483;;;10-Jan-2019
143261;Parag Parikh Liquid Fund- Regular Plan- Monthly Dividend;INF879O01043;INF879O01050;1004.9259;;;11-Jan-2019
143261;Parag Parikh Liquid Fund- Regular Plan- Monthly Dividend;INF879O01043;INF879O01050;1005.2668;;;13-Jan-2019
143261;Parag Parikh Liquid Fund- Regular Plan- Monthly Dividend;INF879O01043;INF879O01050;1005.4268;;;14-Jan-2019
143261;Parag Parikh Liquid Fund- Regular Plan- Monthly Dividend;INF879O01043;INF879O01050;1005.6024;;;15-Jan-2019
143261;Parag Parikh Liquid Fund- Regular Plan- Monthly Dividend;INF879O01043;INF879O01050;1005.7664;;;16-Jan-2019
143261;Parag Parikh Liquid Fund- Regular Plan- Monthly Dividend;INF879O01043;INF879O01050;1005.9504;;;17-Jan-2019
143261;Parag Parikh Liquid Fund- Regular Plan- Monthly Dividend;INF879O01043;INF879O01050;1006.1211;;;18-Jan-2019
143261;Parag Parikh Liquid Fund- Regular Plan- Monthly Dividend;INF879O01043;INF879O01050;1006.4618;;;20-Jan-2019
143261;Parag Parikh Liquid Fund- Regular Plan- Monthly Dividend;INF879O01043;INF879O01050;1006.6384;;;21-Jan-2019
143261;Parag Parikh Liquid Fund- Regular Plan- Monthly Dividend;INF879O01043;INF879O01050;1006.8203;;;22-Jan-2019
143261;Parag Parikh Liquid Fund- Regular Plan- Monthly Dividend;INF879O01043;INF879O01050;1006.9884;;;23-Jan-2019
143261;Parag Parikh Liquid Fund- Regular Plan- Monthly Dividend;INF879O01043;INF879O01050;1007.1606;;;24-Jan-2019
143261;Parag Parikh Liquid Fund- Regular Plan- Monthly Dividend;INF879O01043;INF879O01050;1007.3343;;;25-Jan-2019
143261;Parag Parikh Liquid Fund- Regular Plan- Monthly Dividend;INF879O01043;INF879O01050;1007.6758;;;27-Jan-2019
143261;Parag Parikh Liquid Fund- Regular Plan- Monthly Dividend;INF879O01043;INF879O01050;1003.0000;;;28-Jan-2019
143261;Parag Parikh Liquid Fund- Regular Plan- Monthly Dividend;INF879O01043;INF879O01050;1003.1792;;;29-Jan-2019
143261;Parag Parikh Liquid Fund- Regular Plan- Monthly Dividend;INF879O01043;INF879O01050;1003.3276;;;30-Jan-2019
143261;Parag Parikh Liquid Fund- Regular Plan- Monthly Dividend;INF879O01043;INF879O01050;1003.4976;;;31-Jan-2019
143261;Parag Parikh Liquid Fund- Regular Plan- Monthly Dividend;INF879O01043;INF879O01050;1003.6627;;;01-Feb-2019
143261;Parag Parikh Liquid Fund- Regular Plan- Monthly Dividend;INF879O01043;INF879O01050;1003.9976;;;03-Feb-2019
143261;Parag Parikh Liquid Fund- Regular Plan- Monthly Dividend;INF879O01043;INF879O01050;1004.1572;;;04-Feb-2019
143261;Parag Parikh Liquid Fund- Regular Plan- Monthly Dividend;INF879O01043;INF879O01050;1004.3282;;;05-Feb-2019
143261;Parag Parikh Liquid Fund- Regular Plan- Monthly Dividend;INF879O01043;INF879O01050;1004.4949;;;06-Feb-2019
143261;Parag Parikh Liquid Fund- Regular Plan- Monthly Dividend;INF879O01043;INF879O01050;1004.7150;;;07-Feb-2019
143261;Parag Parikh Liquid Fund- Regular Plan- Monthly Dividend;INF879O01043;INF879O01050;1004.8817;;;08-Feb-2019
143261;Parag Parikh Liquid Fund- Regular Plan- Monthly Dividend;INF879O01043;INF879O01050;1005.2165;;;10-Feb-2019
143261;Parag Parikh Liquid Fund- Regular Plan- Monthly Dividend;INF879O01043;INF879O01050;1005.3839;;;11-Feb-2019
143261;Parag Parikh Liquid Fund- Regular Plan- Monthly Dividend;INF879O01043;INF879O01050;1005.5507;;;12-Feb-2019
143261;Parag Parikh Liquid Fund- Regular Plan- Monthly Dividend;INF879O01043;INF879O01050;1005.7264;;;13-Feb-2019
143261;Parag Parikh Liquid Fund- Regular Plan- Monthly Dividend;INF879O01043;INF879O01050;1005.8906;;;14-Feb-2019
143261;Parag Parikh Liquid Fund- Regular Plan- Monthly Dividend;INF879O01043;INF879O01050;1006.0492;;;15-Feb-2019
143261;Parag Parikh Liquid Fund- Regular Plan- Monthly Dividend;INF879O01043;INF879O01050;1006.3860;;;17-Feb-2019
143261;Parag Parikh Liquid Fund- Regular Plan- Monthly Dividend;INF879O01043;INF879O01050;1006.5480;;;18-Feb-2019
143261;Parag Parikh Liquid Fund- Regular Plan- Monthly Dividend;INF879O01043;INF879O01050;1006.7155;;;19-Feb-2019
143261;Parag Parikh Liquid Fund- Regular Plan- Monthly Dividend;INF879O01043;INF879O01050;1006.8762;;;20-Feb-2019
143261;Parag Parikh Liquid Fund- Regular Plan- Monthly Dividend;INF879O01043;INF879O01050;1007.0497;;;21-Feb-2019
143261;Parag Parikh Liquid Fund- Regular Plan- Monthly Dividend;INF879O01043;INF879O01050;1007.2194;;;22-Feb-2019
143261;Parag Parikh Liquid Fund- Regular Plan- Monthly Dividend;INF879O01043;INF879O01050;1007.5553;;;24-Feb-2019
143261;Parag Parikh Liquid Fund- Regular Plan- Monthly Dividend;INF879O01043;INF879O01050;1003.0000;;;25-Feb-2019
143261;Parag Parikh Liquid Fund- Regular Plan- Monthly Dividend;INF879O01043;INF879O01050;1003.1693;;;26-Feb-2019
143261;Parag Parikh Liquid Fund- Regular Plan- Monthly Dividend;INF879O01043;INF879O01050;1003.3312;;;27-Feb-2019
143261;Parag Parikh Liquid Fund- Regular Plan- Monthly Dividend;INF879O01043;INF879O01050;1003.5174;;;28-Feb-2019
143261;Parag Parikh Liquid Fund- Regular Plan- Monthly Dividend;INF879O01043;INF879O01050;1003.6819;;;01-Mar-2019
143261;Parag Parikh Liquid Fund- Regular Plan- Monthly Dividend;INF879O01043;INF879O01050;1004.1837;;;04-Mar-2019
143261;Parag Parikh Liquid Fund- Regular Plan- Monthly Dividend;INF879O01043;INF879O01050;1004.3509;;;05-Mar-2019
143261;Parag Parikh Liquid Fund- Regular Plan- Monthly Dividend;INF879O01043;INF879O01050;1004.5151;;;06-Mar-2019
143261;Parag Parikh Liquid Fund- Regular Plan- Monthly Dividend;INF879O01043;INF879O01050;1004.6817;;;07-Mar-2019
143261;Parag Parikh Liquid Fund- Regular Plan- Monthly Dividend;INF879O01043;INF879O01050;1004.8476;;;08-Mar-2019
143261;Parag Parikh Liquid Fund- Regular Plan- Monthly Dividend;INF879O01043;INF879O01050;1005.1808;;;10-Mar-2019
143261;Parag Parikh Liquid Fund- Regular Plan- Monthly Dividend;INF879O01043;INF879O01050;1005.3564;;;11-Mar-2019
143261;Parag Parikh Liquid Fund- Regular Plan- Monthly Dividend;INF879O01043;INF879O01050;1005.5218;;;12-Mar-2019
143261;Parag Parikh Liquid Fund- Regular Plan- Monthly Dividend;INF879O01043;INF879O01050;1005.6921;;;13-Mar-2019
143261;Parag Parikh Liquid Fund- Regular Plan- Monthly Dividend;INF879O01043;INF879O01050;1005.8768;;;14-Mar-2019
143261;Parag Parikh Liquid Fund- Regular Plan- Monthly Dividend;INF879O01043;INF879O01050;1006.0257;;;15-Mar-2019
143261;Parag Parikh Liquid Fund- Regular Plan- Monthly Dividend;INF879O01043;INF879O01050;1006.3824;;;17-Mar-2019
143261;Parag Parikh Liquid Fund- Regular Plan- Monthly Dividend;INF879O01043;INF879O01050;1006.5431;;;18-Mar-2019
143261;Parag Parikh Liquid Fund- Regular Plan- Monthly Dividend;INF879O01043;INF879O01050;1006.7276;;;19-Mar-2019
143261;Parag Parikh Liquid Fund- Regular Plan- Monthly Dividend;INF879O01043;INF879O01050;1006.8970;;;20-Mar-2019
143261;Parag Parikh Liquid Fund- Regular Plan- Monthly Dividend;INF879O01043;INF879O01050;1007.0631;;;21-Mar-2019
143261;Parag Parikh Liquid Fund- Regular Plan- Monthly Dividend;INF879O01043;INF879O01050;1007.2280;;;22-Mar-2019
143261;Parag Parikh Liquid Fund- Regular Plan- Monthly Dividend;INF879O01043;INF879O01050;1007.5604;;;24-Mar-2019
143261;Parag Parikh Liquid Fund- Regular Plan- Monthly Dividend;INF879O01043;INF879O01050;1003.0000;;;25-Mar-2019
143261;Parag Parikh Liquid Fund- Regular Plan- Monthly Dividend;INF879O01043;INF879O01050;1003.1621;;;26-Mar-2019
143261;Parag Parikh Liquid Fund- Regular Plan- Monthly Dividend;INF879O01043;INF879O01050;1003.3306;;;27-Mar-2019
143261;Parag Parikh Liquid Fund- Regular Plan- Monthly Dividend;INF879O01043;INF879O01050;1003.5127;;;28-Mar-2019
143261;Parag Parikh Liquid Fund- Regular Plan- Monthly Dividend;INF879O01043;INF879O01050;1003.7194;;;29-Mar-2019
143266;Parag Parikh Liquid Fund- Regular Plan- Weekly Dividend Reinvestment;;;1001.1961;;;01-Jan-2019
143266;Parag Parikh Liquid Fund- Regular Plan- Weekly Dividend Reinvestment;;;1001.3842;;;02-Jan-2019
143266;Parag Parikh Liquid Fund- Regular Plan- Weekly Dividend Reinvestment;;;1001.5477;;;03-Jan-2019
143266;Parag Parikh Liquid Fund- Regular Plan- Weekly Dividend Reinvestment;;;1001.7322;;;04-Jan-2019
143266;Parag Parikh Liquid Fund- Regular Plan- Weekly Dividend Reinvestment;;;1002.0638;;;06-Jan-2019
143266;Parag Parikh Liquid Fund- Regular Plan- Weekly Dividend Reinvestment;;;1001.0000;;;07-Jan-2019
143266;Parag Parikh Liquid Fund- Regular Plan- Weekly Dividend Reinvestment;;;1001.1678;;;08-Jan-2019
143266;Parag Parikh Liquid Fund- Regular Plan- Weekly Dividend Reinvestment;;;1001.3428;;;09-Jan-2019
143266;Parag Parikh Liquid Fund- Regular Plan- Weekly Dividend Reinvestment;;;1001.5161;;;10-Jan-2019
143266;Parag Parikh Liquid Fund- Regular Plan- Weekly Dividend Reinvestment;;;1001.6933;;;11-Jan-2019
143266;Parag Parikh Liquid Fund- Regular Plan- Weekly Dividend Reinvestment;;;1002.0330;;;13-Jan-2019
143266;Parag Parikh Liquid Fund- Regular Plan- Weekly Dividend Reinvestment;;;1001.0000;;;14-Jan-2019
143266;Parag Parikh Liquid Fund- Regular Plan- Weekly Dividend Reinvestment;;;1001.1747;;;15-Jan-2019
143266;Parag Parikh Liquid Fund- Regular Plan- Weekly Dividend Reinvestment;;;1001.3385;;;16-Jan-2019
143266;Parag Parikh Liquid Fund- Regular Plan- Weekly Dividend Reinvestment;;;1001.5216;;;17-Jan-2019
143266;Parag Parikh Liquid Fund- Regular Plan- Weekly Dividend Reinvestment;;;1001.6916;;;18-Jan-2019
143266;Parag Parikh Liquid Fund- Regular Plan- Weekly Dividend Reinvestment;;;1002.0309;;;20-Jan-2019
143266;Parag Parikh Liquid Fund- Regular Plan- Weekly Dividend Reinvestment;;;1001.0000;;;21-Jan-2019
143266;Parag Parikh Liquid Fund- Regular Plan- Weekly Dividend Reinvestment;;;1001.1809;;;22-Jan-2019
143266;Parag Parikh Liquid Fund- Regular Plan- Weekly Dividend Reinvestment;;;1001.3481;;;23-Jan-2019
143266;Parag Parikh Liquid Fund- Regular Plan- Weekly Dividend Reinvestment;;;1001.5192;;;24-Jan-2019
143266;Parag Parikh Liquid Fund- Regular Plan- Weekly Dividend Reinvestment;;;1001.6923;;;25-Jan-2019
143266;Parag Parikh Liquid Fund- Regular Plan- Weekly Dividend Reinvestment;;;1002.0316;;;27-Jan-2019
143266;Parag Parikh Liquid Fund- Regular Plan- Weekly Dividend Reinvestment;;;1001.0000;;;28-Jan-2019
143266;Parag Parikh Liquid Fund- Regular Plan- Weekly Dividend Reinvestment;;;1001.1780;;;29-Jan-2019
143266;Parag Parikh Liquid Fund- Regular Plan- Weekly Dividend Reinvestment;;;1001.3264;;;30-Jan-2019
143266;Parag Parikh Liquid Fund- Regular Plan- Weekly Dividend Reinvestment;;;1001.4960;;;31-Jan-2019
143266;Parag Parikh Liquid Fund- Regular Plan- Weekly Dividend Reinvestment;;;1001.6608;;;01-Feb-2019
143266;Parag Parikh Liquid Fund- Regular Plan- Weekly Dividend Reinvestment;;;1001.9951;;;03-Feb-2019
143266;Parag Parikh Liquid Fund- Regular Plan- Weekly Dividend Reinvestment;;;1001.0000;;;04-Feb-2019
143266;Parag Parikh Liquid Fund- Regular Plan- Weekly Dividend Reinvestment;;;1001.1706;;;05-Feb-2019
143266;Parag Parikh Liquid Fund- Regular Plan- Weekly Dividend Reinvestment;;;1001.3366;;;06-Feb-2019
143266;Parag Parikh Liquid Fund- Regular Plan- Weekly Dividend Reinvestment;;;1001.5559;;;07-Feb-2019
143266;Parag Parikh Liquid Fund- Regular Plan- Weekly Dividend Reinvestment;;;1001.7221;;;08-Feb-2019
143266;Parag Parikh Liquid Fund- Regular Plan- Weekly Dividend Reinvestment;;;1002.0559;;;10-Feb-2019
143266;Parag Parikh Liquid Fund- Regular Plan- Weekly Dividend Reinvestment;;;1001.0000;;;11-Feb-2019
143266;Parag Parikh Liquid Fund- Regular Plan- Weekly Dividend Reinvestment;;;1001.1661;;;12-Feb-2019
143266;Parag Parikh Liquid Fund- Regular Plan- Weekly Dividend Reinvestment;;;1001.3410;;;13-Feb-2019
143266;Parag Parikh Liquid Fund- Regular Plan- Weekly Dividend Reinvestment;;;1001.5044;;;14-Feb-2019
143266;Parag Parikh Liquid Fund- Regular Plan- Weekly Dividend Reinvestment;;;1001.6624;;;15-Feb-2019
143266;Parag Parikh Liquid Fund- Regular Plan- Weekly Dividend Reinvestment;;;1001.9976;;;17-Feb-2019
143266;Parag Parikh Liquid Fund- Regular Plan- Weekly Dividend Reinvestment;;;1001.0000;;;18-Feb-2019
143266;Parag Parikh Liquid Fund- Regular Plan- Weekly Dividend Reinvestment;;;1001.1667;;;19-Feb-2019
143266;Parag Parikh Liquid Fund- Regular Plan- Weekly Dividend Reinvestment;;;1001.3264;;;20-Feb-2019
143266;Parag Parikh Liquid Fund- Regular Plan- Weekly Dividend Reinvestment;;;1001.4990;;;21-Feb-2019
143266;Parag Parikh Liquid Fund- Regular Plan- Weekly Dividend Reinvestment;;;1001.6678;;;22-Feb-2019
143266;Parag Parikh Liquid Fund- Regular Plan- Weekly Dividend Reinvestment;;;1002.0018;;;24-Feb-2019
143266;Parag Parikh Liquid Fund- Regular Plan- Weekly Dividend Reinvestment;;;1001.0000;;;25-Feb-2019
143266;Parag Parikh Liquid Fund- Regular Plan- Weekly Dividend Reinvestment;;;1001.1689;;;26-Feb-2019
143266;Parag Parikh Liquid Fund- Regular Plan- Weekly Dividend Reinvestment;;;1001.3305;;;27-Feb-2019
143266;Parag Parikh Liquid Fund- Regular Plan- Weekly Dividend Reinvestment;;;1001.5163;;;28-Feb-2019
143266;Parag Parikh Liquid Fund- Regular Plan- Weekly Dividend Reinvestment;;;1001.6804;;;01-Mar-2019
143266;Parag Parikh Liquid Fund- Regular Plan- Weekly Dividend Reinvestment;;;1002.1813;;;04-Mar-2019
143266;Parag Parikh Liquid Fund- Regular Plan- Weekly Dividend Reinvestment;;;1001.0000;;;05-Mar-2019
143266;Parag Parikh Liquid Fund- Regular Plan- Weekly Dividend Reinvestment;;;1001.1637;;;06-Mar-2019
143266;Parag Parikh Liquid Fund- Regular Plan- Weekly Dividend Reinvestment;;;1001.3297;;;07-Mar-2019
143266;Parag Parikh Liquid Fund- Regular Plan- Weekly Dividend Reinvestment;;;1001.4950;;;08-Mar-2019
143266;Parag Parikh Liquid Fund- Regular Plan- Weekly Dividend Reinvestment;;;1001.8271;;;10-Mar-2019
143266;Parag Parikh Liquid Fund- Regular Plan- Weekly Dividend Reinvestment;;;1001.0000;;;11-Mar-2019
143266;Parag Parikh Liquid Fund- Regular Plan- Weekly Dividend Reinvestment;;;1001.1646;;;12-Mar-2019
143266;Parag Parikh Liquid Fund- Regular Plan- Weekly Dividend Reinvestment;;;1001.3342;;;13-Mar-2019
143266;Parag Parikh Liquid Fund- Regular Plan- Weekly Dividend Reinvestment;;;1001.5181;;;14-Mar-2019
143266;Parag Parikh Liquid Fund- Regular Plan- Weekly Dividend Reinvestment;;;1001.6663;;;15-Mar-2019
143266;Parag Parikh Liquid Fund- Regular Plan- Weekly Dividend Reinvestment;;;1002.0214;;;17-Mar-2019
143266;Parag Parikh Liquid Fund- Regular Plan- Weekly Dividend Reinvestment;;;1001.0000;;;18-Mar-2019
143266;Parag Parikh Liquid Fund- Regular Plan- Weekly Dividend Reinvestment;;;1001.1834;;;19-Mar-2019
143266;Parag Parikh Liquid Fund- Regular Plan- Weekly Dividend Reinvestment;;;1001.3519;;;20-Mar-2019
143266;Parag Parikh Liquid Fund- Regular Plan- Weekly Dividend Reinvestment;;;1001.5170;;;21-Mar-2019
143266;Parag Parikh Liquid Fund- Regular Plan- Weekly Dividend Reinvestment;;;1001.6810;;;22-Mar-2019
143266;Parag Parikh Liquid Fund- Regular Plan- Weekly Dividend Reinvestment;;;1002.0116;;;24-Mar-2019
143266;Parag Parikh Liquid Fund- Regular Plan- Weekly Dividend Reinvestment;;;1001.0000;;;25-Mar-2019
143266;Parag Parikh Liquid Fund- Regular Plan- Weekly Dividend Reinvestment;;;1001.1617;;;26-Mar-2019
143266;Parag Parikh Liquid Fund- Regular Plan- Weekly Dividend Reinvestment;;;1001.3299;;;27-Mar-2019
143266;Parag Parikh Liquid Fund- Regular Plan- Weekly Dividend Reinvestment;;;1001.5117;;;28-Mar-2019
143266;Parag Parikh Liquid Fund- Regular Plan- Weekly Dividend Reinvestment;;;1001.7179;;;29-Mar-2019
